web-scraper-order,web-scraper-start-url,pdf,pdf-href
"1774857677-1","https://ir.tesla.com/#quarterly-disclosure","Download","https://assets-ir.tesla.com/tesla-contents/IR/TSLA-Q4-2025-Update.pdf"
"1774857677-2","https://ir.tesla.com/#quarterly-disclosure","10-K","https://www.sec.gov/Archives/edgar/data/1318605/000162828026003952/tsla-20251231.htm"
"1774857677-3","https://ir.tesla.com/#quarterly-disclosure","Download","https://assets-ir.tesla.com/tesla-contents/IR/TSLA-Q3-2025-Update.pdf"
"1774857677-4","https://ir.tesla.com/#quarterly-disclosure","10-Q","https://www.sec.gov/Archives/edgar/data/1318605/000162828025045968/tsla-20250930.htm"
"1774857677-5","https://ir.tesla.com/#quarterly-disclosure","Download","https://www.tesla.com/sites/default/files/downloads/TSLA-Q2-2025-Update.pdf"
"1774857677-6","https://ir.tesla.com/#quarterly-disclosure","10-Q","https://www.sec.gov/Archives/edgar/data/1318605/000162828025035806/tsla-20250630.htm"
"1774857677-7","https://ir.tesla.com/#quarterly-disclosure","Download","https://digitalassets.tesla.com/tesla-contents/image/upload/IR/IR/TSLA-Q1-2025-Update.pdf"
"1774857677-8","https://ir.tesla.com/#quarterly-disclosure","10-Q","https://www.sec.gov/Archives/edgar/data/1318605/000162828025018911/tsla-20250331.htm"
"1774857677-9","https://ir.tesla.com/#quarterly-disclosure","Download","https://digitalassets.tesla.com/tesla-contents/image/upload/IR/TSLA-Q4-2024-Update.pdf"
"1774857677-10","https://ir.tesla.com/#quarterly-disclosure","10-K","https://www.sec.gov/Archives/edgar/data/1318605/000162828025003063/tsla-20241231.htm"
"1774857677-11","https://ir.tesla.com/#quarterly-disclosure","Download","https://digitalassets.tesla.com/tesla-contents/image/upload/IR/TSLA-Q3-2024-Update.pdf"
"1774857677-12","https://ir.tesla.com/#quarterly-disclosure","10-Q","https://www.sec.gov/Archives/edgar/data/1318605/000162828024043486/tsla-20240930.htm"
"1774857677-13","https://ir.tesla.com/#quarterly-disclosure","Download","https://digitalassets.tesla.com/tesla-contents/image/upload/IR/TSLA-Q2-2024-Update.pdf"
"1774857677-14","https://ir.tesla.com/#quarterly-disclosure","10-Q","https://www.sec.gov/Archives/edgar/data/1318605/000162828024032662/tsla-20240630.htm"
"1774857677-15","https://ir.tesla.com/#quarterly-disclosure","Download","https://digitalassets.tesla.com/tesla-contents/image/upload/IR/TSLA-Q1-2024-Update.pdf"
"1774857677-16","https://ir.tesla.com/#quarterly-disclosure","10-Q","https://www.sec.gov/Archives/edgar/data/1318605/000162828024017503/tsla-20240331.htm"
"1774857677-17","https://ir.tesla.com/#quarterly-disclosure","Download","https://digitalassets.tesla.com/tesla-contents/image/upload/IR/TSLA-Q4-2023-Update.pdf"
"1774857677-18","https://ir.tesla.com/#quarterly-disclosure","10-K","https://www.sec.gov/Archives/edgar/data/1318605/000162828024002390/tsla-20231231.htm"
"1774857677-19","https://ir.tesla.com/#quarterly-disclosure","Download","https://digitalassets.tesla.com/tesla-contents/image/upload/IR/TSLA-Q3-2023-Update-3.pdf"
"1774857677-20","https://ir.tesla.com/#quarterly-disclosure","10-Q","https://www.sec.gov/Archives/edgar/data/1318605/000162828023034847/tsla-20230930.htm"
"1774857677-21","https://ir.tesla.com/#quarterly-disclosure","Download","https://digitalassets.tesla.com/tesla-contents/image/upload/IR/TSLA-Q2-2023-Update.pdf"
"1774857677-22","https://ir.tesla.com/#quarterly-disclosure","10-Q","https://www.sec.gov/Archives/edgar/data/1318605/000095017023033872/tsla-20230630.htm"
"1774857677-23","https://ir.tesla.com/#quarterly-disclosure","Download","https://digitalassets.tesla.com/tesla-contents/image/upload/IR/TSLA-Q1-2023-Update"
"1774857677-24","https://ir.tesla.com/#quarterly-disclosure","10-Q","https://www.sec.gov/Archives/edgar/data/1318605/000095017023013890/tsla-20230331.htm"
"1774857677-25","https://ir.tesla.com/#quarterly-disclosure","Download","https://digitalassets.tesla.com/tesla-contents/image/upload/IR/TSLA-Q4-2022-Update"
"1774857677-26","https://ir.tesla.com/#quarterly-disclosure","10-K","https://www.sec.gov/Archives/edgar/data/1318605/000095017023001409/tsla-20221231.htm"
"1774857677-27","https://ir.tesla.com/#quarterly-disclosure","Download","https://digitalassets.tesla.com/tesla-contents/image/upload/IR/TSLA-Q3-2022-Update"
"1774857677-28","https://ir.tesla.com/#quarterly-disclosure","10-Q","https://www.sec.gov/Archives/edgar/data/1318605/000095017022019867/tsla-20220930.htm"
"1774857677-29","https://ir.tesla.com/#quarterly-disclosure","Download","https://digitalassets.tesla.com/tesla-contents/image/upload/IR/TSLA-Q2-2022-Update"
"1774857677-30","https://ir.tesla.com/#quarterly-disclosure","10-Q","https://www.sec.gov/Archives/edgar/data/1318605/000095017022012936/tsla-20220630.htm"
"1774857677-31","https://ir.tesla.com/#quarterly-disclosure","Download","https://digitalassets.tesla.com/tesla-contents/image/upload/IR/TSLA-Q1-2022-Update"
"1774857677-32","https://ir.tesla.com/#quarterly-disclosure","10-Q","https://www.sec.gov/Archives/edgar/data/1318605/000095017022006034/tsla-20220331.htm"
"1774857677-33","https://ir.tesla.com/#quarterly-disclosure","Download","https://digitalassets.tesla.com/tesla-contents/image/upload/IR/TSLA-Q4-2021-Update"
"1774857677-34","https://ir.tesla.com/#quarterly-disclosure","10-K","https://www.sec.gov/Archives/edgar/data/1318605/000095017022000796/tsla-20211231.htm"
"1774857677-35","https://ir.tesla.com/#quarterly-disclosure","Download","https://digitalassets.tesla.com/tesla-contents/image/upload/IR/TSLA-Q3-2021-Quarterly-Update"
"1774857677-36","https://ir.tesla.com/#quarterly-disclosure","10-Q","https://www.sec.gov/Archives/edgar/data/1318605/000095017021002253/tsla-20210930.htm"
"1774857677-37","https://ir.tesla.com/#quarterly-disclosure","Download","https://digitalassets.tesla.com/tesla-contents/image/upload/IR/TSLA-Q2-2021-Update"
"1774857677-38","https://ir.tesla.com/#quarterly-disclosure","10-Q","https://www.sec.gov/Archives/edgar/data/1318605/000095017021000524/tsla-20210630.htm"
"1774857677-39","https://ir.tesla.com/#quarterly-disclosure","Download","https://digitalassets.tesla.com/tesla-contents/image/upload/IR/TSLA-Q1-2021-Update"
"1774857677-40","https://ir.tesla.com/#quarterly-disclosure","10-Q","https://www.sec.gov/Archives/edgar/data/1318605/000095017021000046/tsla-20210331.htm"
"1774857677-41","https://ir.tesla.com/#quarterly-disclosure","Download","https://digitalassets.tesla.com/tesla-contents/image/upload/IR/TSLA-Q4-2020-Update"
"1774857677-42","https://ir.tesla.com/#quarterly-disclosure","10-K","https://www.sec.gov/Archives/edgar/data/1318605/000156459021004599/tsla-10k_20201231.htm"
"1774857677-43","https://ir.tesla.com/#quarterly-disclosure","Download","https://digitalassets.tesla.com/tesla-contents/image/upload/IR/TSLA-Q3-2020-Update"
"1774857677-44","https://ir.tesla.com/#quarterly-disclosure","10-Q","https://www.sec.gov/Archives/edgar/data//1318605/000156459020047486/tsla-10q_20200930.htm"
"1774857677-45","https://ir.tesla.com/#quarterly-disclosure","Download","https://digitalassets.tesla.com/tesla-contents/image/upload/IR/TSLA_Update_Letter_2020-2Q"
"1774857677-46","https://ir.tesla.com/#quarterly-disclosure","10-Q","https://www.sec.gov/Archives/edgar/data//1318605/000156459020033670/tsla-10q_20200630.htm"
"1774857677-47","https://ir.tesla.com/#quarterly-disclosure","Download","https://digitalassets.tesla.com/tesla-contents/image/upload/IR/TSLA_Update_Letter_2020-1Q"
"1774857677-48","https://ir.tesla.com/#quarterly-disclosure","10-Q","https://www.sec.gov/Archives/edgar/data//1318605/000156459020019931/tsla-10q_20200331.htm"
"1774857677-49","https://ir.tesla.com/#quarterly-disclosure","Download","https://digitalassets.tesla.com/tesla-contents/image/upload/IR/TSLA_Update_Letter_2019-4Q"
"1774857677-50","https://ir.tesla.com/#quarterly-disclosure","10-K","https://www.sec.gov/Archives/edgar/data//1318605/000156459020004475/tsla-10k_20191231.htm"
"1774857677-51","https://ir.tesla.com/#quarterly-disclosure","Download","https://digitalassets.tesla.com/tesla-contents/image/upload/IR/TSLA_Update_Letter_2019-3Q"
"1774857677-52","https://ir.tesla.com/#quarterly-disclosure","10-Q","https://www.sec.gov/Archives/edgar/data//1318605/000156459019038256/tsla-10q_20190930.htm"
"1774857677-53","https://ir.tesla.com/#quarterly-disclosure","Download","https://digitalassets.tesla.com/tesla-contents/image/upload/IR/TSLA_Update_Letter_2019-2Q"
"1774857677-54","https://ir.tesla.com/#quarterly-disclosure","10-Q","https://www.sec.gov/Archives/edgar/data//1318605/000156459019026445/tsla-10q_20190630.htm"
"1774857677-55","https://ir.tesla.com/#quarterly-disclosure","Download","https://digitalassets.tesla.com/tesla-contents/image/upload/IR/TSLA_Update_Letter_2019-1Q"
"1774857677-56","https://ir.tesla.com/#quarterly-disclosure","10-Q","https://www.sec.gov/Archives/edgar/data//1318605/000156459019013462/tsla-10q_20190331.htm"
"1774857677-57","https://ir.tesla.com/#quarterly-disclosure","Download","https://digitalassets.tesla.com/tesla-contents/image/upload/IR/TSLA_Update_Letter_2018-4Q"
"1774857677-58","https://ir.tesla.com/#quarterly-disclosure","10-K","https://www.sec.gov/Archives/edgar/data//1318605/000156459019003165/tsla-10k_20181231.htm"
"1774857677-59","https://ir.tesla.com/#quarterly-disclosure","Download","https://digitalassets.tesla.com/tesla-contents/image/upload/IR/TSLA_Update_Letter_2018-3Q"
"1774857677-60","https://ir.tesla.com/#quarterly-disclosure","10-Q","https://www.sec.gov/Archives/edgar/data//1318605/000156459018026353/tsla-10q_20180930.htm"
"1774857677-61","https://ir.tesla.com/#quarterly-disclosure","Download","https://digitalassets.tesla.com/tesla-contents/image/upload/IR/TSLA-Update-Letter-2018-2Q"
"1774857677-62","https://ir.tesla.com/#quarterly-disclosure","10-Q","https://www.sec.gov/Archives/edgar/data//1318605/000156459018019254/tsla-10q_20180630.htm"
"1774857677-63","https://ir.tesla.com/#quarterly-disclosure","Download","https://digitalassets.tesla.com/tesla-contents/image/upload/IR/TSLA_Update_Letter_2018-1Q"
"1774857677-64","https://ir.tesla.com/#quarterly-disclosure","10-Q","https://www.sec.gov/Archives/edgar/data//1318605/000156459018011086/tsla-10q_20180331.htm"
"1774857677-65","https://ir.tesla.com/#quarterly-disclosure","Download","https://digitalassets.tesla.com/tesla-contents/image/upload/IR/TSLA_Update_Letter_2017-4Q"
"1774857677-66","https://ir.tesla.com/#quarterly-disclosure","10-K","https://www.sec.gov/Archives/edgar/data//1318605/000156459018002956/tsla-10k_20171231.htm"
"1774857677-67","https://ir.tesla.com/#quarterly-disclosure","Download","https://digitalassets.tesla.com/tesla-contents/image/upload/IR/TSLA_Update_Letter_2017-3Q"
"1774857677-68","https://ir.tesla.com/#quarterly-disclosure","10-Q","https://www.sec.gov/Archives/edgar/data//1318605/000156459017021343/tsla-10q_20170930.htm"
"1774857677-69","https://ir.tesla.com/#quarterly-disclosure","Download","https://digitalassets.tesla.com/tesla-contents/image/upload/IR/TSLA_Update_Letter_2017-2Q"
"1774857677-70","https://ir.tesla.com/#quarterly-disclosure","10-Q","https://www.sec.gov/Archives/edgar/data//1318605/000156459017015705/tsla-10q_20170630.htm"
"1774857677-71","https://ir.tesla.com/#quarterly-disclosure","Download","https://digitalassets.tesla.com/tesla-contents/image/upload/IR/TSLA_Q1_2017_Update_Letter"
"1774857677-72","https://ir.tesla.com/#quarterly-disclosure","10-K","https://www.sec.gov/Archives/edgar/data//1318605/000156459017003118/tsla-10k_20161231.htm"
"1774857677-73","https://ir.tesla.com/#quarterly-disclosure","Download","https://digitalassets.tesla.com/tesla-contents/image/upload/IR/TSLA_Update_Letter_2016_4Q"
"1774857677-74","https://ir.tesla.com/#quarterly-disclosure","10-K","https://www.sec.gov/Archives/edgar/data//1318605/000156459017003118/tsla-10k_20161231.htm"
"1774857677-75","https://ir.tesla.com/#quarterly-disclosure","Download","https://digitalassets.tesla.com/tesla-contents/image/upload/IR/Q3_16_Update_Letter_-_final"
"1774857677-76","https://ir.tesla.com/#quarterly-disclosure","10-Q","https://www.sec.gov/Archives/edgar/data//1318605/000156459016026820/tsla-10q_20160930.htm"
"1774857677-77","https://ir.tesla.com/#quarterly-disclosure","Download","https://digitalassets.tesla.com/tesla-contents/image/upload/IR/Q2_16_Update_Letter_-_final"
"1774857677-78","https://ir.tesla.com/#quarterly-disclosure","10-Q","https://www.sec.gov/Archives/edgar/data//1318605/000156459016023024/tsla-10q_20160630.htm"
"1774857677-79","https://ir.tesla.com/#quarterly-disclosure","Download","https://digitalassets.tesla.com/tesla-contents/image/upload/IR/Q1_2016_Tesla_Shareholder_Letter"
"1774857677-80","https://ir.tesla.com/#quarterly-disclosure","10-Q","https://www.sec.gov/Archives/edgar/data//1318605/000156459016018886/tsla-10q_20160331.htm"
"1774857677-81","https://ir.tesla.com/#quarterly-disclosure","Download","https://digitalassets.tesla.com/tesla-contents/image/upload/IR/Q4_15_Tesla_Update_Letter"
"1774857677-82","https://ir.tesla.com/#quarterly-disclosure","10-K","https://www.sec.gov/Archives/edgar/data//1318605/000156459016013195/tsla-10k_20151231.htm"
"1774857677-83","https://ir.tesla.com/#quarterly-disclosure","Download","https://digitalassets.tesla.com/tesla-contents/image/upload/IR/Q3_15_Shareholder_Letter"
"1774857677-84","https://ir.tesla.com/#quarterly-disclosure","10-Q","https://www.sec.gov/Archives/edgar/data//1318605/000156459015009741/tsla-10q_20150930.htm"
"1774857677-85","https://ir.tesla.com/#quarterly-disclosure","Download","https://digitalassets.tesla.com/tesla-contents/image/upload/IR/Tesla_Q2_2015_Shareholder_Letter"
"1774857677-86","https://ir.tesla.com/#quarterly-disclosure","10-Q","https://www.sec.gov/Archives/edgar/data//1318605/000156459015006666/tsla-10q_20150630.htm"
"1774857677-87","https://ir.tesla.com/#quarterly-disclosure","Download","https://digitalassets.tesla.com/tesla-contents/image/upload/IR/Tesla_Motors_Q1_15_Shareholder_Letter"
"1774857677-88","https://ir.tesla.com/#quarterly-disclosure","10-Q","https://www.sec.gov/Archives/edgar/data//1318605/000156459015003789/tsla-10q_20150331.htm"
"1774857677-89","https://ir.tesla.com/#quarterly-disclosure","Download","https://digitalassets.tesla.com/tesla-contents/image/upload/IR/Q4_14_Shareholder_Letter_Final"
"1774857677-90","https://ir.tesla.com/#quarterly-disclosure","10-K","https://www.sec.gov/Archives/edgar/data//1318605/000156459015001031/tsla-10k_20141231.htm"
"1774857677-91","https://ir.tesla.com/#quarterly-disclosure","Download","https://digitalassets.tesla.com/tesla-contents/image/upload/IR/Q314_SHL_Final"
"1774857677-92","https://ir.tesla.com/#quarterly-disclosure","10-Q","https://www.sec.gov/Archives/edgar/data//1318605/000119312514403635/d812482d10q.htm"
"1774857677-93","https://ir.tesla.com/#quarterly-disclosure","Download","https://digitalassets.tesla.com/tesla-contents/image/upload/IR/Tesla_Q2_14_Shareholder_Letter"
"1774857677-94","https://ir.tesla.com/#quarterly-disclosure","10-Q","https://www.sec.gov/Archives/edgar/data//1318605/000119312514303175/d766922d10q.htm"
"1774857677-95","https://ir.tesla.com/#quarterly-disclosure","Download","https://digitalassets.tesla.com/tesla-contents/image/upload/IR/Q1_14_Shareholder_Letter_final"
"1774857677-96","https://ir.tesla.com/#quarterly-disclosure","10-Q","https://www.sec.gov/Archives/edgar/data//1318605/000119312514192606/d715897d10q.htm"
"1774857677-97","https://ir.tesla.com/#quarterly-disclosure","Download","https://digitalassets.tesla.com/tesla-contents/image/upload/IR/Q4_13_Shareholder_Letter"
"1774857677-98","https://ir.tesla.com/#quarterly-disclosure","10-K","https://www.sec.gov/Archives/edgar/data//1318605/000119312514069681/d668062d10k.htm"
"1774857677-99","https://ir.tesla.com/#quarterly-disclosure","Download","https://digitalassets.tesla.com/tesla-contents/image/upload/IR/Tesla_Q3_13_Shareholder_Letter_final"
"1774857677-100","https://ir.tesla.com/#quarterly-disclosure","10-Q","https://www.sec.gov/Archives/edgar/data//1318605/000119312513435480/d588506d10q.htm"
"1774857677-101","https://ir.tesla.com/#quarterly-disclosure","Download","https://digitalassets.tesla.com/tesla-contents/image/upload/IR/Q2_13_Tesla_Motors_Shareholder_Letter"
"1774857677-102","https://ir.tesla.com/#quarterly-disclosure","10-Q","https://www.sec.gov/Archives/edgar/data//1318605/000119312513327916/d549636d10q.htm"
"1774857677-103","https://ir.tesla.com/#quarterly-disclosure","Download","https://digitalassets.tesla.com/tesla-contents/image/upload/IR/Q1_13_Shareholder_Letter"
"1774857677-104","https://ir.tesla.com/#quarterly-disclosure","10-K","https://www.sec.gov/Archives/edgar/data//1318605/000119312513096241/d452995d10k.htm"
"1774857677-105","https://ir.tesla.com/#quarterly-disclosure","Download","https://digitalassets.tesla.com/tesla-contents/image/upload/IR/Q4_12_SHL_022013_final"
"1774857677-106","https://ir.tesla.com/#quarterly-disclosure","10-K","https://www.sec.gov/Archives/edgar/data//1318605/000119312513096241/d452995d10k.htm"
"1774857677-107","https://ir.tesla.com/#quarterly-disclosure","Download","https://digitalassets.tesla.com/tesla-contents/image/upload/IR/Q3_2012_Shareholder_Letter_Final"
"1774857677-108","https://ir.tesla.com/#quarterly-disclosure","10-Q","https://www.sec.gov/Archives/edgar/data//1318605/000119312512457610/d410318d10q.htm"
"1774857677-109","https://ir.tesla.com/#quarterly-disclosure","Download","https://digitalassets.tesla.com/tesla-contents/image/upload/IR/Q2_2012_Shareholder_Letter_Final"
"1774857677-110","https://ir.tesla.com/#quarterly-disclosure","10-Q","https://www.sec.gov/Archives/edgar/data//1318605/000119312512332138/d364775d10q.htm"
"1774857677-111","https://ir.tesla.com/#quarterly-disclosure","Download","https://digitalassets.tesla.com/tesla-contents/image/upload/IR/Q1_2012_Tesla_Shareholder_Letter"
"1774857677-112","https://ir.tesla.com/#quarterly-disclosure","10-Q","https://www.sec.gov/Archives/edgar/data//1318605/000119312512225825/d325967d10q.htm"
"1774857677-113","https://ir.tesla.com/#quarterly-disclosure","Download","https://digitalassets.tesla.com/tesla-contents/image/upload/IR/Q4_2011_Shareholder_Letter_021512_Final"
"1774857677-114","https://ir.tesla.com/#quarterly-disclosure","10-K","https://www.sec.gov/Archives/edgar/data//1318605/000119312512081990/d279413d10k.htm"
"1774857677-115","https://ir.tesla.com/#quarterly-disclosure","Download","https://digitalassets.tesla.com/tesla-contents/image/upload/IR/Q3_2011_Shareholder_Letter_Final"
"1774857677-116","https://ir.tesla.com/#quarterly-disclosure","10-Q","https://www.sec.gov/Archives/edgar/data//1318605/000119312511308489/d226201d10q.htm"
"1774857677-117","https://ir.tesla.com/#quarterly-disclosure","Download","https://digitalassets.tesla.com/tesla-contents/image/upload/IR/Q2_2011_Shareholder_Letter_-_Final"
"1774857677-118","https://ir.tesla.com/#quarterly-disclosure","10-Q","https://www.sec.gov/Archives/edgar/data//1318605/000119312511221497/d10q.htm"
