tag,count
DebtInstrumentInterestRateStatedPercentage,1622
StockholdersEquityIncludingPortionAttributableToNoncontrollingInterest,1384
LongTermDebt,1277
Revenues,1214
DebtInstrumentCarryingAmount,1196
RevenueFromContractWithCustomerExcludingAssessedTax,1099
DebtCurrent,914
AvailableForSaleSecuritiesDebtSecurities,866
PropertyPlantAndEquipmentGross,837
AllocatedShareBasedCompensationExpense,781
AssetsFairValueDisclosure,722
DebtInstrumentUnusedBorrowingCapacityAmount,557
GrossProfit,505
AntidilutiveSecuritiesExcludedFromComputationOfEarningsPerShareAmount,437
ShareBasedCompensation,430
CostOfRevenue,427
NetIncomeLoss,385
NetIncomeLossIncludingPortionAttributableToRedeemableNonControllingInterestAndNonControllingInterestInSubsidiaries,374
CashAndCashEquivalentsAtCarryingValue,367
NoncurrentAssets,348
DebtInstrumentFaceAmount,346
AdjustmentsToAdditionalPaidInCapitalSharebasedCompensationRequisiteServicePeriodRecognitionValue,331
StandardProductWarrantyAccrual,322
IncomeTaxExpenseBenefit,298
ProfitLoss,290
OtherComprehensiveIncomeLossNetOfTaxPortionAttributableToParent,290
OtherLiabilitiesNoncurrent,289
LongTermDebtFairValue,285
InventoryNet,266
PropertyPlantAndEquipmentNet,264
FiniteLivedIntangibleAssetsAccumulatedAmortization,258
OtherAssetsNoncurrent,251
InventoryWriteDown,251
StockIssuedDuringPeriodValueEquityIncentiveAwards,250
MinorityInterestDecreaseFromDistributionsToNoncontrollingInterestHolders,250
FiniteLivedIntangibleAssetsNet,244
CashCashEquivalentsRestrictedCashAndRestrictedCashEquivalentsIncludingDisposalGroupAndDiscontinuedOperations,232
StockIssuedDuringPeriodValueNewIssues,231
FiniteLivedIntangibleAssetsGross,230
PrepaidExpenseAndOtherAssetsCurrent,222
AccountsReceivableNetCurrent,221
ContractWithCustomerLiability,216
OtherNonoperatingIncomeExpense,215
StockholdersEquity,214
DeferredRevenue,214
IncomeLossFromContinuingOperationsBeforeIncomeTaxesExtraordinaryItemsNoncontrollingInterest,214
WeightedAverageNumberOfSharesOutstandingBasic,211
StockIssuedDuringPeriodValueConversionOfConvertibleSecurities,207
SalesRevenueGoodsNet,205
SharesIssued,203
WeightedAverageNumberOfDilutedSharesOutstanding,201
Assets,197
OperatingLeasesIncomeStatementLeaseRevenue,195
OperatingIncomeLoss,194
OperatingExpenses,193
SellingGeneralAndAdministrativeExpense,193
ResearchAndDevelopmentExpense,193
InvestmentIncomeInterest,193
LiabilitiesCurrent,191
AssetsCurrent,191
LongTermDebtAndFinanceLeasesNoncurrent,189
AccruedAndOtherCurrentLiabilities,187
LongTermDebtAndFinanceLeasesCurrent,187
ComprehensiveIncomeNetOfTax,185
StandardProductWarrantyAccrualWarrantiesIssued,182
MinorityInterestDecreaseFromRedemptions,182
CommonStockSharesIssued,182
StandardProductWarrantyAccrualPayments,182
OtherComprehensiveIncomeLossForeignCurrencyTransactionAndTranslationAdjustmentNetOfTax,177
RetainedEarningsAccumulatedDeficit,175
Liabilities,174
FairValueNetAssetLiability,170
PaymentsToAcquirePropertyPlantAndEquipment,165
InterestExpense,165
NoncashOrPartNoncashAcquisitionValueOfAssetsAcquired1,163
ProductWarrantyAccrualPreexistingIncreaseDecrease,161
EarningsPerShareDiluted,157
PortionOfStockOptionsScheduledToVestUponSuccessfulCompletionOfPerformanceObjectives,156
EarningsPerShareBasic,153
PropertySubjectToOrAvailableForOperatingLeaseNet,152
RedeemableNoncontrollingInterestEquityCarryingAmount,152
RestrictedCashCurrent,146
DebtInstrumentBasisSpreadOnVariableRate1,145
ContractWithCustomerLiabilityCurrent,144
AccountsPayableCurrent,138
CostOfGoodsAndServicesSold,137
ContractWithCustomerLiabilityNoncurrent,136
CommonStockParOrStatedValuePerShare,134
IncreaseDecreaseInPrepaidDeferredExpenseAndOtherAssets,133
IncreaseDecreaseInAccountsReceivable,133
ProceedsFromIssuanceOfSharesUnderIncentiveAndShareBasedCompensationPlansIncludingStockOptions,133
AvailableForSaleDebtSecuritiesAmortizedCostBasis,131
DebtConversionConvertedInstrumentSharesIssued1,129
InterestCostsCapitalized,129
IncreaseDecreaseInAccountsPayableAndAccruedLiabilities,128
ConversionPricePerShare,128
SalesTypeLeaseNetInvestmentInLease,125
ContractWithCustomerLiabilityRevenueRecognized,125
NetCashProvidedByUsedInInvestingActivities,124
PreferredStockParOrStatedValuePerShare,124
NetIncomeLossAttributableToNoncontrollingInterest,124
PreferredStockSharesAuthorized,124
NetCashProvidedByUsedInOperatingActivities,124
PropertySubjectToOrAvailableForOperatingLeaseGross,123
CommonStockSharesAuthorized,122
AvailableForSaleDebtSecuritiesAccumulatedGrossUnrealizedGainBeforeTax,121
AvailableForSaleDebtSecuritiesAccumulatedGrossUnrealizedLossBeforeTax,121
RestrictedCashNoncurrent,120
UnrecognizedTaxBenefits,120
LiabilitiesFairValueDisclosure,120
DepreciationDepletionAndAmortization,120
NumberOfVehicleProduction,118
CommonStockSharesOutstanding,118
CommonStockValue,118
EmployeeServiceShareBasedCompensationNonvestedAwardsTotalCompensationCostNotYetRecognized,118
PreferredStockValue,118
PreferredStockSharesOutstanding,118
LiabilitiesAndStockholdersEquity,118
PreferredStockSharesIssued,118
InterestExpenseDebt,117
InterestExpenseDebtExcludingAmortization,117
CommitmentsAndContingencies,116
NoncontrollingInterestsIncreaseFromContributionsFromNoncontrollingInterests,115
ResaleValueGuarantee,115
IncreaseDecreaseInOtherNoncurrentLiabilities,112
AccumulatedOtherComprehensiveIncomeLossNetOfTax,111
DebtInstrumentConvertibleConversionPrice1,111
AccumulatedDepreciationDepletionAndAmortizationPropertyPlantAndEquipment,110
AmortizationOfDebtDiscountPremium,109
IntangibleAssetsNetExcludingGoodwill,108
AccruedLiabilitiesCurrent,106
AmortizationOfFinancingCosts,104
ClassOfWarrantOrRightNumberOfSecuritiesCalledByWarrantsOrRights,102
NetIncomeLossAvailableToCommonStockholdersBasic,102
DebtConversionConvertedInstrumentAmount1,102
ShareBasedCompensationArrangementByShareBasedPaymentAwardOptionsGrantsInPeriodGross,101
CostOfGoodsSold,101
Goodwill,99
StockIssuedDuringPeriodSharesNewIssues,99
NetCashProvidedByUsedInFinancingActivities,97
ProceedsFromIssuanceOfCommonStock,97
SalesRevenueServicesNet,96
LineOfCreditFacilityMaximumBorrowingCapacity,95
AccruedPurchases,94
Depreciation,94
ProceedsFromIssuanceOfWarrants,94
EmployeeRelatedLiabilitiesCurrent,94
TaxesPayableCurrent,94
LeasedAssetsNet,93
IncreaseDecreaseInInventoriesAndPropertySubjectToOrAvailableForOperatingLease,92
AdditionalPaidInCapitalCommonStock,90
ComprehensiveIncomeNetOfTaxIncludingPortionAttributableToNoncontrollingInterest,89
MinorityInterest,89
ComprehensiveIncomeNetOfTaxAttributableToNoncontrollingInterest,89
IncreaseDecreaseInResaleValueGuarantee,88
NoncashInterestIncomeExpenseAndOtherOperatingActivities,88
SharebasedCompensationSharesAuthorizedUnderStockOptionPlansExercisePriceRangeOutstandingOptionsWeightedAverageExercisePriceBeginningBalance1,88
IndefiniteLivedIntangibleAssetsExcludingGoodwill,88
OtherLiabilitiesFairValueDisclosure,87
CustomerDepositsLiabilitiesCurrent,86
ClassOfWarrantOrRightExercisePriceOfWarrantsOrRights1,85
NotesReceivableNet,85
LineOfCreditFacilityInterestRateDuringPeriod,84
DebtInstrumentConvertibleThresholdTradingDays,84
ShareBasedCompensationSharesAuthorizedUnderStockOptionPlansExercisePriceRangeNumberOfExercisableOptions,83
ProceedsFromDebtNetOfIssuanceCosts,83
SharebasedCompensationSharesAuthorizedUnderStockOptionPlansExercisePriceRangeExercisableOptionsWeightedAverageExercisePrice1,83
RestrictedCashAndCashEquivalentsNoncurrent,80
ShareBasedCompensationSharesAuthorizedUnderStockOptionPlansExercisePriceRangeLowerRangeLimit,80
RestructuringAndOtherExpenses,80
PropertySubjectToOrAvailableForOperatingLeaseAccumulatedDepreciation,80
ShareBasedCompensationSharesAuthorizedUnderStockOptionPlansExercisePriceRangeUpperRangeLimit,80
NetIncomeLossIncludingPortionAttributableToNonredeemableNoncontrollingInterest,78
OperatingLeaseRightOfUseAsset,78
PaymentsToMinorityShareholders,78
CostOfServicesAndOther,78
DepreciationAndAmortization,78
SalesRevenueServicesAndOtherNet,78
DigitalAssetsNetNonCurrent,77
IncreaseDecreaseInOperatingLeaseVehicles,77
IncreaseDecreaseInInventories,77
OperatingLeaseLiabilityNoncurrent,76
ConcentrationRiskPercentage1,75
StockIssuedDuringPeriodValueAcquisitions,75
LossContingencyNumberOfPlaintiffs,75
AccruedWarrantyReserveNoncurrent,74
IncrementalCommonSharesAttributableToShareBasedPaymentArrangements,74
OperatingLeaseLiabilityCurrent,74
FinanceLeasePrincipalPayments,74
FiniteLivedIntangibleAssetsOther,74
DeferredCostsLeasingNetNoncurrent,74
OtherLiabilitiesMiscellaneousNoncurrent,74
FinanceLeaseLiabilityCurrent,73
IncreaseDecreaseInDeferredRevenue,73
DeferredRevenueCurrent,73
AvailableForSaleDebtSecuritiesGrossUnrealizedGain,73
DebtInstrumentInterestRateEffectivePercentage,73
FinanceLeaseLiabilityNoncurrent,73
ShareBasedCompensationArrangementByShareBasedPaymentAwardFairValueAssumptionsExpectedVolatilityRate,72
StockIssuedDuringPeriodSharesEquityIncentiveAwards,72
ShareBasedCompensationArrangementByShareBasedPaymentAwardFairValueAssumptionsExpectedDividendRate,72
ShareBasedCompensationArrangementByShareBasedPaymentAwardFairValueAssumptionsRiskFreeInterestRate,72
CashCashEquivalentsRestrictedCashAndRestrictedCashEquivalentsPeriodIncreaseDecreaseIncludingExchangeRateEffect,72
IncrementalCommonSharesAttributableToCallOptionsAndWarrants,72
AvailableForSaleDebtSecuritiesGrossUnrealizedLoss,72
DeferredRevenueNoncurrent,71
CostOfAutomotiveLeasing,71
ShortTermInvestments,70
InventoryFinishedGoodsNetOfReserves,70
InventoryWorkInProcessNetOfReserves,70
InventoryRawMaterialsNetOfReserves,70
OperatingLeasedAssetsNet,70
InventoryPartsAndComponentsNetOfReserves,70
IncrementalCommonSharesAttributableToConversionOfDebtSecurities,70
DepreciationAmortizationAndImpairment,70
ProceedsFromConvertibleAndOtherDebt,69
BuyOutOfNoncontrollingInterest,68
IncreaseDecreaseInContractWithCustomerLiability,68
EffectOfExchangeRateOnCashCashEquivalentsRestrictedCashAndRestrictedCashEquivalentsIncludingDisposalGroupAndDiscontinuedOperations,66
RevenueRemainingPerformanceObligation,66
ShareBasedCompensationSharesAuthorizedUnderStockOptionPlansExercisePriceRangeNumberOfOutstandingOptions,66
IndefiniteLivedIntangibleAssetsGrossExcludingGoodwill,65
PaymentsForBuyOutsOfNoncontrollingInterestsInSubsidiaries,65
ProceedsFromRepaymentsOfLongTermDebtAndCapitalSecurities,64
CumulativeEffectOfNewAccountingPrincipleInPeriodOfAdoption,64
ShareBasedCompensationArrangementByShareBasedPaymentAwardEquityInstrumentsOtherThanOptionsGrantsInPeriodWeightedAverageGrantDateFairValue,64
FiniteLivedIntangibleAssetsLiabilitiesOther,63
DerivativeLossOnDerivative,63
DeferredIncomeTaxExpenseBenefit,63
CashCashEquivalentsAndShortTermInvestments,62
CapitalLeasesLesseeBalanceSheetAssetsByMajorClassAccumulatedDeprecation,62
ProceedsFromIssuanceOfLongTermDebt,62
ResaleValueGuaranteesNoncurrentPortion,62
AdjustmentsToAdditionalPaidInCapitalEquityComponentOfConvertibleDebt,62
CashAndCashEquivalentsPeriodIncreaseDecrease,61
DebtInstrumentConvertibleConversionPricePercentage,61
IncreaseDecreaseInDeferredRevenueAndCustomerAdvancesAndDeposits,61
AvailableForSaleOfSecuritiesAmortizedCost,61
PaymentsToAcquireBusinessesNetOfCashAcquired,61
NoteHedgesTransactionCosts,60
IncomeLossFromContinuingOperationsPerDilutedShare,60
CustomerAdvancesCurrent,60
TemporaryEquityCarryingAmountIncludingPortionAttributableToNoncontrollingInterests,60
IncomeLossFromContinuingOperationsPerBasicShare,60
NumberOfTranches,60
RepaymentsOfConvertibleAndOtherDebt,60
ResaleValueGuaranteesCurrentPortion,59
StockIssuedDuringPeriodSharesConversionOfConvertibleSecurities,59
CostOfRevenuesAutomotive,59
EntityCommonStockSharesOutstanding,59
DerivativeGainOnDerivative,59
AccountsReceivableThresholdPercentage,59
SalesRevenueAutomotive,59
NetIncomeLossAvailableToCommonStockholdersDiluted,59
DebtInstrumentConvertibleCarryingAmountOfTheEquityComponent,59
MarketCapitalization,58
IntangibleAssetsGrossExcludingGoodwill,58
WarrantsSettlement,58
RightOfUseAssetObtainedInExchangeForFinanceLeaseLiability,57
RightOfUseAssetObtainedInExchangeForOperatingLeaseLiability,57
PaymentsOfDebtIssuanceCosts,57
DeferredTaxAssetsTaxCreditCarryforwardsResearch,56
ShareBasedCompensationArrangementByShareBasedPaymentAwardOptionsOutstandingNumber,56
IncreaseDecreaseInRestrictedCash,55
OtherLiabilitiesCurrent,54
NotesAndLoansReceivableNetCurrent,53
CapitalLeaseObligationsCurrent,53
AdjustmentsToAdditionalPaidInCapitalWarrantIssued,53
UnrecognizedTaxBenefitsOfDeferredTaxAccountingThatWouldNotImpactAnnualEffectiveRate,52
ProceedsFromMinorityShareholders,52
IncreaseDecreaseInOtherOperatingAssets,52
ProductWarrantyExpense,52
StockIssuedDuringPeriodSharesEmployeeStockPurchasePlans,52
PurchasePricePerCommonStock,51
SalesReturnReserveCurrent,51
ShareBasedCompensationArrangementByShareBasedPaymentAwardDividedEquallyInNumberOfTranches,51
NumberOfReportableSegments,51
ForeignCurrencyTransactionGainLossBeforeTax,51
DebtInstrumentConvertibleThresholdConsecutiveTradingDays1,50
NumberOfOperatingSegments,50
AdjustmentsToAdditionalPaidInCapitalConvertibleDebtHedge,49
ShareBasedCompensationArrangementByShareBasedPaymentAwardEquityInstrumentsOtherThanOptionsGrantsInPeriod,49
NoteHedgesNumberOfSharesContractedToBuy,49
AccruedWarrantyReserveCurrentPortion,48
FinanceLeaseRightOfUseAsset,48
ProceedsFromRepaymentsOfSecuredDebt,48
AccruedEnvironmentalLossContingenciesNoncurrent,48
IncreaseDecreaseInContractWithCustomerLiabilityCustomerDeposits,48
ReclassificationsOfTemporaryEquityToEquityComponentOfDebtInstrument,47
DebtDiscountPercentage,47
OtherComprehensiveIncomeLossNetOfTax,47
CostOfServices,47
IncomeLossFromContinuingOperationsPerBasicAndDilutedShare,47
FiniteLivedIntangibleAssetsFairValueDisclosure,46
RestrictedCashAndCashEquivalentsAtCarryingValue,46
CustomerDepositsCurrent,46
FinancingReceivableAllowanceForCreditLosses,45
PaymentsForSolarEnergySystemsNetOfSales,45
OtherAccruedLiabilitiesCurrent,45
GainLossOnSaleOfPropertyPlantEquipment,45
ConvertibleNotesPayable,45
StockIssuedDuringPeriodValueWithheldForEmployeeTaxes,44
CapitalLeaseObligationsNoncurrent,44
StockIssuedDuringPeriodValueStockOptionsExercised,44
DerivativeNotionalAmount,44
DeferredRentCreditNoncurrent,44
AccountsAndNotesReceivableNet,44
ContractWithCustomerLiabilityRevenueRecognizedOutOfPriorPeriodBalance,43
DerivativeFairValueOfDerivativeLiability,43
CostOfGoodsSoldSalesTypeLease,43
DebtInstrumentUnamortizedDiscount,43
StockholdersEquityNoteStockSplitConversionRatio1,43
LeasedAssetsGross,43
AdditionalPaidInCapital,43
IncomeTaxReconciliationForeignIncomeTaxRateDifferential,43
SalesTypeLeaseRevenue,43
ShareBasedCompensationArrangementByShareBasedPaymentAwardOptionsGrantsInPeriodWeightedAverageGrantDateFairValue,42
IncreaseDecreaseInOtherNoncurrentAssets,42
UnrecognizedTaxBenefitsIncreasesResultingFromCurrentPeriodTaxPositions,42
DebtConversionOriginalDebtAmount1,42
IncomeLossFromContinuingOperationsBeforeIncomeTaxesDomestic,42
DeferredIncomeTaxAssetsNet,42
InventoryWorkInProcess,42
InventoryRawMaterials,42
InventoryFinishedGoods,42
OtherInventoriesSpareParts,42
IncomeTaxReconciliationIncomeTaxExpenseBenefitAtFederalStatutoryIncomeTaxRate,42
IncomeTaxReconciliationChangeInDeferredTaxAssetsValuationAllowance,42
IncomeLossFromContinuingOperationsBeforeIncomeTaxesForeign,42
IncomeTaxesPaid,42
DeferredForeignIncomeTaxExpenseBenefit,42
CurrentStateAndLocalTaxExpenseBenefit,42
CurrentIncomeTaxExpenseBenefit,42
CurrentForeignTaxExpenseBenefit,42
UnrealizedGainLossOnInvestments,42
StockIssuedDuringPeriodValueEmployeeStockPurchasePlan,42
NonCashEstimatedFairMarketValueOfManufacturingFacility,41
IncomeTaxReconciliationStateAndLocalIncomeTaxes,41
IncomeTaxReconciliationTaxCredits,41
ReclassificationsOfPermanentEquityToTemporaryEquity,41
ShareBasedCompensationArrangementByShareBasedPaymentAwardOptionsOutstandingWeightedAverageExercisePrice,40
ContractWithCustomerAssetAndLiabilityRevenueRecognizedInNextRollingTwelveMonths,40
DerivativeLiabilityFairValueGrossAsset,40
EarningsPerShareBasicAndDiluted,39
ForeignCurrencyTransactionGainLossUnrealized,39
AssetsToBeLeasedCIP,39
ForeignCurrencyTransactionGainLossRealized,39
LongTermDebtNoncurrent,39
TemporaryEquityCarryingAmountAttributableToParent,39
CapitalLeasedAssetsGross,38
PaymentsOfFinancingCosts,38
PercentageOfPrincipalAmountOfConvertibleNotesIsEqualToRepurchasePrice,38
LongTermDebtAndCapitalLeaseObligationsCurrent,36
NetCashProvidedByUsedInInvestingActivitiesContinuingOperations,36
NetCashProvidedByUsedInFinancingActivitiesContinuingOperations,36
ConstructionInProgressGross,36
DeferredTaxAssetsNet,36
NetCashProvidedByUsedInOperatingActivitiesContinuingOperations,36
LongTermDebtAndCapitalLeaseObligations,36
SalesReturnReserveNoncurrent,36
WeightedAverageNumberOfShareOutstandingBasicAndDiluted,35
DeferredTaxAssetsValuationAllowance,35
GrossMargin,35
SalesTypeLeaseUnearnedInterestIncome,35
SalesTypeLeaseLeaseReceivable,35
ShareBasedCompensationArrangementByShareBasedPaymentAwardOptionsExercisesInPeriodTotalIntrinsicValue,35
UnamortizedDebtIssuanceExpense,34
EffectOfExchangeRateOnCashAndCashEquivalents,34
StockholdersEquityOther,34
PaymentsToAcquireMarketableSecurities,34
MaximumRepurchasePriceOfVehiclesUnderResaleValueArrangement,34
SalesTypeLeaseNetInvestmentInLeaseAllowanceForCreditLoss,34
CommonStockPublicOfferingIssuanceCosts,34
TemporaryEquityDistributionsToNoncontrollingInterests,33
InitialMarketCapitalization,33
TemporaryEquityNetIncome,33
DebtIssuanceCosts,33
IncreaseDecreaseInAccountsPayable,32
DebtInstrumentRedemptionPricePercentage,32
DirectCostsOfLeasedAndRentedPropertyOrEquipment,32
DilutiveSecuritiesEffectOnBasicEarningsPerShareOther,32
DebtInstrumentConvertibleThresholdPercentageOfStockPriceTrigger,32
NumberOfCustomersRepresentAccountReceivableThresholdPercentage,32
ConvertibleSeniorNotesIssueToRelatedParties,32
IncreaseDecreaseInAccruedLiabilities,32
AmortizationOfFinancingCostsAndDiscounts,32
UnrealizedGainLossOnDerivatives,31
PaymentsToAcquireInvestments,31
FinancingObligationNoncurrent,31
FinanceLeaseAccumulatedDepreciation,30
ValuationAllowanceDeferredTaxAssetChangeInAmount,30
GovernmentGrantReceipt,30
MarketableSecuritiesUnrealizedGainLoss,30
LeaseAssetDirectCostsRelatedToAcquisition,30
StockIssuedDuringPeriodConcurrentPrivatePlacementsValueNewIssues,30
ProceedsFromSaleMaturityAndCollectionsOfInvestments,30
ProductWarrantyAccrualClassifiedCurrent,30
RepaymentsOfConvertibleDebt,30
FinanceLeaseRightOfUseAssetsBeforeAccumulatedDepreciation,30
OperatingLeaseLiability,29
ImpairmentOfIntangibleAssetsExcludingGoodwill,29
ShareBasedCompensationArrangementByShareBasedPaymentAwardNumberOfSharesAvailableForGrant,29
OperationalMilestoneBasedOnAdjustedEBITDATwo,29
LongTermAccountsNotesAndLoansReceivableNetNoncurrent,29
SalesReturnReserveFromShortTermBuyBackOptions,28
SalesReturnReserveFromBuybackOptions,28
CommonStockOfferingPricePerShare,28
IncreaseDecreaseInResaleValueGuaranteeFromDepreciationExpenseOfEarlyCancellation,28
CapitalLeasesBalanceSheetAssetsByMajorClassNet,28
ResaleValueGuaranteeLeaseRevenueRecognized,28
OperationalMilestoneBasedOnAdjustedEBITDAOne,28
DeferredTaxAssetsOperatingLossCarryforwards,28
LossContingencyDamagesSoughtValue,28
DeferredTaxAssetsDeferredIncome,28
DebtRelatedCommitmentFeesAndDebtIssuanceCosts,28
IncreaseDecreaseInRestrictedCashAndCashEquivalents,28
IncreaseDecreaseInDeferredRevenueAndReclassificationOfCollateralizedBorrowingFromLongTermToShortTerm,28
IncreaseDecreaseInDeferredRevenueFromAmortizationOfDeferredRevenue,28
IncreaseDecreaseInDeferredRevenueFromDepreciationExpenseOfEarlyCancellationOfResaleValueGuarantee,28
OperatingLossCarryforwards,28
ExtendedWarrantyCoverageVehicleMileage,28
SalesRevenueEnergyServices,28
SalesTypeLeaseNetInvestmentInLeaseAfterAllowanceForCreditLoss,28
IncreaseDecreaseInPropertySubjectToOrAvailableForOperatingLeaseGrossFromDepreciationExpenseOfAutomotiveSales,28
StockIssuedDuringPeriodSharesStockOptionsExercised,28
IncreaseDecreaseInPropertySubjectToOrAvailableForOperatingLeaseGrossFromDepreciationExpenseOfEarlyCancellationOfResaleValueGuarantee,28
DefinedContributionPlanEmployerDiscretionaryContributionAmount,27
MarketableSecurities,27
LossContingencyDamagesAwardedValue,27
ShareBasedCompensationArrangementByShareBasedPaymentAwardEquityInstrumentsOtherThanOptionsNonvestedNumber,27
ProceedsFromSalesOfDigitalAssets,27
ShareBasedCompensationArrangementByShareBasedPaymentAwardEquityInstrumentsOtherThanOptionsNonvestedWeightedAverageGrantDateFairValue,27
CurrentFederalTaxExpenseBenefit,27
IncomeLossFromContinuingOperationsBeforeIncomeTaxesAttributableToNoncontrollingInterestAndRedeemableNoncontrollingInterest,27
ShareBasedCompensationArrangementByShareBasedPaymentAwardEquityInstrumentsOtherThanOptionsVestedInPeriodTotalFairValue,27
ProceedsFromSecuredNotesPayable,26
ProceedsFromIssuanceOfDebt,26
LeasedAssetsAccumulatedDepreciationAndAmortization,26
DeferredTaxAssetsGross,26
DeferredTaxAssetsTaxCreditCarryforwardsOther,26
OtherNoncashIncomeExpense,26
DueToRelatedPartiesCurrent,26
ReclassificationFromLongTermToShortTermCollateralizedBorrowing,26
AvailableForSaleSecuritiesAmortizedCost,25
RepaymentsOfLongTermDebt,25
NewAccountingPronouncementOrChangeInAccountingPrincipleEffectOfAdoptionQuantification,25
BuildToSuitLeaseLiabilityNoncurrent,25
ChangesInFairValueOfConvertibleCommonStockWarrantLiability,25
FinanceLeaseLiability,25
DeferredTaxAssetsTaxDeferredExpenseReservesAndAccrualsOther,24
FiniteLivedIntangibleAssetsAmortizationExpenseYearTwo,24
FiniteLivedIntangibleAssetsAmortizationExpenseYearFour,24
DeferredTaxAssetsInventory,24
DeferredTaxLiabilitiesPropertyPlantAndEquipment,24
UnrecognizedTaxBenefitsIncreasesResultingFromPriorPeriodTaxPositions,24
ShareBasedCompensationArrangementsByShareBasedPaymentAwardOptionsGrantsInPeriodWeightedAverageExercisePrice,24
ResaleValueGuaranteesCurrentPortionSalesToCustomers,24
InterestPaidNet,24
IncomeTaxReconciliationNondeductibleExpense,24
FiniteLivedIntangibleAssetsAmortizationExpenseYearThree,24
PaymentsToAcquireIntangibleAssets,24
FinanceLeaseRightOfUseAssetAmortization,23
EmployeeServiceShareBasedCompensationTaxBenefitFromCompensationExpense,23
LongTermDebtMaturitiesRepaymentsOfPrincipalAfterYearFive,23
VariableInterestEntityConsolidatedCarryingAmountLiabilities,23
DeferredTaxLiabilitiesOther,23
LineOfCredit,23
NumberOfWhollyOwnedSubsidiariesReceivedRemainingCashDistributions,23
DeferredFederalIncomeTaxExpenseBenefit,23
FairMarketValueOfIntangibleAssets,23
ShareBasedCompensationArrangementByShareBasedPaymentAwardOptionsGrantsInPeriod,23
FinanceLeaseExpense,23
FinanceLeaseInterestExpense,23
LeaseCost,23
NumberOfCommonSharesReceived,23
UnrecognizedTaxBenefitsDecreasesResultingFromPriorPeriodTaxPositions,22
BusinessCombinationConsiderationTransferred1,22
LongTermDebtMaturitiesRepaymentsOfPrincipalInYearTwo,22
LeaseAssetsPendingInterconnection,22
LongTermDebtMaturitiesRepaymentsOfPrincipalInYearFour,22
ShareBasedCompensationArrangementsByShareBasedPaymentAwardOptionsForfeituresInPeriodWeightedAverageExercisePrice,22
IndefiniteLivedIntangibleAssetsOtherAdjustments,22
LettersOfCreditOutstandingAmount,22
LeaseAssetsInService,22
OtherSundryLiabilitiesNoncurrent,22
OtherIntangibleAssetsNet,22
AmortizationOfDebtDiscountLessCapitalizedInterest,22
OtherAssetsMiscellaneousNoncurrent,22
ShareBasedCompensationArrangementByShareBasedPaymentAwardOptionsForfeituresInPeriod,22
DeferredIncomeTaxLiabilities,22
CostOfServicesEnergyServices,22
DeferredTaxAssetsTaxDeferredExpenseCompensationAndBenefitsShareBasedCompensationCost,22
LongTermDebtMaturitiesRepaymentsOfPrincipalInNextTwelveMonths,22
ForeignCurrencyContractsLiabilityFairValueDisclosure,22
LongTermDebtMaturitiesRepaymentsOfPrincipalInYearThree,22
LeasedAssetsNetBeforeConstructionAndPendingInterconnection,22
ProductWarrantyAccrualNoncurrent,22
WeightedAverageNumberOfSharesOutstandingBasicAndDilutedOne,22
PledgedAssetsSeparatelyReportedOnStatementOfFinancialPositionAtFairValue,22
LongTermDebtMaturitiesRepaymentsOfPrincipalInYearFive,22
ProceedsFromSaleOfShortTermInvestments,21
GoodwillImpairmentLoss,21
EffectiveIncomeTaxRateContinuingOperations,21
PaymentsToAcquireOtherIndefiniteLivedIntangibleAssets,21
OperationalMilestoneBasedOnRevenueFive,21
OperationalMilestoneBasedOnRevenueEight,21
OperationalMilestoneBasedOnAdjustedEBITDASix,21
ProceedsFromIssuanceOfPrivatePlacement,21
OperationalMilestoneBasedOnAdjustedEBITDAThree,21
DueToRelatedPartiesCurrentAndNoncurrent,21
OperatingLeasesRentExpenseNet,21
OperationalMilestoneBasedOnRevenueFour,21
WarrantsSettlementShares,21
FinanceLeaseInterestPaymentOnLiability,21
OperationalMilestoneBasedOnRevenueSeven,21
NumberOfOperationalMilestonesFocusedOnRevenueTargets,21
NumberOfOperationalMilestonesFocusedOnAdjustedEBITDA,21
OperationalMilestoneBasedOnAdjustedEBITDAFive,21
DeferredStateAndLocalIncomeTaxExpenseBenefit,21
OperationalMilestoneBasedOnRevenueSix,21
GainLossOnDispositionOfAssets1,21
RestrictedCashAndInvestmentsCurrent,21
InterestPaid,21
OperatingLeasePayments,21
IntangibleAssetsAndLiabilitiesOther,21
OperationalMilestoneBasedOnRevenueOne,21
IncomeTaxReconciliationOtherReconcilingItems,21
ContractualObligation,21
OperationalMilestoneBasedOnAdjustedEBITDAFour,21
TemporaryEquityBuyOutOfNoncontrollingInterests,21
OperationalMilestoneBasedOnRevenueThree,21
LongTermDebtCurrent,21
OperationalMilestoneBasedOnRevenueTwo,21
OperationalMilestoneBasedOnAdjustedEBITDASeven,21
OperationalMilestoneBasedOnAdjustedEBITDAEight,21
PurchaseOfDigitalAssets,20
ConvertibleDebtCurrent,20
InterestExpenseNonoperating,20
AutomotiveCostOfRevenues,20
GainLossOnDigitalAssets,20
CapitalLeaseObligations,20
WarrantyCoverageVehicleMileage,20
DebtInstrumentConvertibleIfConvertedValueInExcessOfPrincipal,20
DepositLiabilitiesAccruedInterest,20
AutomotiveLeasing,19
NumberOfConsolidatedActions,19
IncreaseToMarketCapitalizationForEachRemainingMilestone,19
RepaymentsOfRelatedPartyDebt,19
RepaymentsOfLinesOfCredit,19
CommonStockCapitalSharesReservedForFutureIssuance,19
BusinessExitCosts1,19
AutomotiveRevenues,19
AutomotiveSalesRevenue,19
AutomotiveSales,19
LeaseArrangementAmountObligatedToSpendOrIncur,19
AutomotiveRegulatoryCredits,19
IncomeTaxReconciliationMinorityInterestIncomeExpense,18
IncreaseDecreaseInOtherOperatingAssetsAndNotesReceivables,18
DerivativeLiabilitiesNoncurrent,18
StockIssuedDuringPeriodSharesAcquisitions,18
DebtInstrumentCollateralAmount,18
FiniteLivedIntangibleAssetsAmortizationExpenseRemainderOfFiscalYear,18
UnrecognizedTaxBenefitsThatWouldNotImpactEffectiveTaxRate,18
FinanceLeaseRightOfUseAssetsGross,18
DebtConversionConvertedForCash,18
WarrantyCostsIncurredForResaleValueGuarantee,18
ShareBasedCompensationArrangementByShareBasedPaymentAwardOptionsVestedAndExpectedToVestOutstandingAggregateIntrinsicValue,18
EmployeeServiceShareBasedCompensationAllocationOfRecognizedPeriodCostsCapitalizedAmount,18
DeferredTaxAndOtherLiabilitiesNoncurrent,18
ShareBasedCompensationArrangementByShareBasedPaymentAwardOptionsOutstandingIntrinsicValue,18
IncomeTaxReconciliationNondeductibleExpenseOther,18
FinanceLeasedAssetsAccumulatedDepreciationAndAmortization,18
LeasedAssetsBeforeOverhead,17
OperationalMilestoneBasedOnRevenue,17
FutureMilestonePayments,17
ContractWithCustomerLiabilityIncreaseDecrease,17
ContractWithCustomerLiabilityAdditions,17
AnnualTaxRevenuesToBeGeneratedEndOfFiveYear,17
IncreaseDecreaseToNetIncomeLossAttributableToCommonStockholders,17
ProceedsFromIssuancePublicOffering,17
FiniteLivedIntangibleAssetsAmortizationExpenseYearFive,17
GainOnDigitalAssets,17
AssetsToBeLeased,17
PaymentsForHedgeFinancingActivities,17
MarketableSecuritiesCurrent,17
AccrualForEnvironmentalLossContingencies,17
CashCompensationReceivedForServices,16
RecognizedCatchUpExpenseDuringPeriod,16
ImpairmentOfIntangibleAssetsIndefinitelivedExcludingGoodwill,16
FinanceLeaseWeightedAverageDiscountRatePercent,16
ShareBasedCompensationArrangementByShareBasedPaymentAwardEquityInstrumentsOtherThanOptionsForfeituresWeightedAverageGrantDateFairValue,16
OperatingLeaseWeightedAverageDiscountRatePercent,16
LineOfCreditFacilityUnusedCapacityCommitmentFeePercentage,16
ShareBasedCompensationArrangementByShareBasedPaymentAwardEquityInstrumentsOtherThanOptionsForfeitedInPeriod,16
FiniteLivedIntangibleAssetsAmortizationExpenseAfterYearFive,16
ResaleValueGuaranteesCurrentPortionSalesToLeasingPartners,16
NewAccountingPronouncementOrChangeInAccountingPrincipleCumulativeEffectOfChangeOnEquityOrNetAssets1,16
ProceedsFromMaturitiesPrepaymentsAndCallsOfAvailableForSaleSecurities,16
PropertyPlantAndEquipmentAndFinanceLeaseRightOfUseAssetBeforeAccumulatedDepreciationAndAmortization,16
ClassOfWarrantOrRightExercisePriceOfWarrantsOrRights,16
SiteContingencyCostToBePaidByCompany,16
LesseeOperatingLeaseCapitalExpenditures,16
GoodwillImpairedAccumulatedImpairmentLoss,16
EntityPublicFloat,15
LessorOperatingLeasePaymentsToBeReceivedThreeYears,15
AvailableforsaleSecuritiesGrossUnrealizedGain,15
InvestmentTaxCredit,15
LessorOperatingLeasePaymentsToBeReceivedThereafter,15
ConvertibleSeniorNotesIssueToRelatedPartiesNonCurrent,15
DueToRelatedPartiesNoncurrent,15
AvailableForSaleSecuritiesFairValueDisclosure,15
LessorOperatingLeasePaymentsToBeReceivedFourYears,15
ForeignCurrencyTransactionGainLossRealizedAndUnrealized,15
LessorOperatingLeasePaymentsToBeReceivedFiveYears,15
LessorOperatingLeasePaymentsToBeReceived,15
LessorOperatingLeasePaymentsToBeReceivedTwoYears,15
DebtInstrumentUnamortizedDiscountPremiumNet,15
DueToOtherRelatedPartiesClassifiedCurrent,15
CryptoAssetCost,15
CryptoAssetFairValue,15
RepaymentsOfDebt,15
PaymentsForSolarEnergySystemsLeasedAndToBeLeased,15
GainsLossesOnExtinguishmentOfDebt,15
LossContingencyNumberOfPurportedStockholderClassActionsFiled,15
BusinessCombinationRecognizedIdentifiableAssetsAcquiredAndLiabilitiesAssumedNet,15
OperatingLeaseExpense,14
OtherComprehensiveIncomeLossDerivativesQualifyingAsHedgesNetOfTax,14
StockIssuedDuringPeriodValueRestrictedStock,14
UnrealizedGainLossOnSecurities,14
ShareBasedCompensationArrangementByShareBasedPaymentAwardDiscountFromMarketPriceOfferingDate,14
ProceedsFromIssuanceOfSecuredDebt,14
NetLossRealizedAndIncludedInNetIncome,14
OperationalMilestoneBasedOnAdjustedEBITDA,14
GuaranteeObligationsMaximumExposure,14
IncreaseDecreaseInPropertySubjectToOrAvailableForOperatingLeaseGrossFromReclassificationToInventoryUnderTradeInProgramAndExercisesOfResaleValueGuarantee,14
IncreaseDecreaseInReleaseOfDeferredRevenueUnderTradeInProgressExpirationAndExercisesOfResaleValueGuarantee,14
IncreaseDecreaseInReleaseOfResaleValueGuaranteeUnderTradeInProgressAndExercises,14
PercentageOfPayrollDeductionsOfEmployeesEligibleCompensation,14
CumulativeImpairmentOfIntangibleAssetsExcludingGoodwill,14
IncreaseDecreaseInReleaseOfDeferredRevenueUnderTradeInProgress,13
ProceedsFromSaleAndMaturityOfMarketableSecurities,13
ShareBasedCompensationArrangementsByShareBasedPaymentAwardOptionsExercisesInPeriodWeightedAverageExercisePrice,13
AdjustmentsToAdditionalPaidInCapitalOther,13
GainLossOnDispositionOfIntangibleAssets,13
DeferredTaxLiabilitiesOperatingLeaseRightOfUseAssets,13
IncreaseDecreaseInPropertySubjectToOrAvailableForOperatingLeaseGrossFromReclassificationToInventoryUnderTradeInProgram,13
DeferredTaxAssetsOperatingLeaseRightOfUseLiabilities,13
EscrowDeposit,13
IncreaseDecreaseInReleaseOfResaleValueGuaranteeUnderTradeInProgress,13
FiniteLivedIntangibleAssetsAmortizationExpenseNextTwelveMonths,13
OtherComprehensiveIncomeLossReclassificationAdjustmentFromAOCIOnDerivativesNetOfTax,13
IncomeTaxReconciliationNondeductibleExpenseShareBasedCompensationCost,13
LiabilityForReceiptsFromInvestor,13
FinancingObligationCurrent,13
LitigationSettlementAmountAwardedFromOtherParty,13
DebtInstrumentPercentageOfInterestRateOnVariableRate,13
OtherComprehensiveIncomeUnrealizedGainLossOnDerivativesAndSecuritiesArisingDuringPeriodNetOfTax,13
EqualQuarterlyAdvancesRepayableNumber,12
ShareBasedCompensationArrangementPaymentOfExercisePricePerShare,12
ShareBasedCompensationArrangementByShareBasedPaymentAwardSharesAvailableForGrantCancelled,12
ShareBasedCompensationArrangementByShareBasedPaymentAwardSharesAvailableForGrantGranted,12
GainsLossOnAcquisition,12
LessorOperatingLeasePaymentsToBeReceivedNextTwelveMonths,12
AvailableForSaleSecuritiesGrossUnrealizedLosses1,12
AdjustmentsToAdditionalPaidInCapitalShareholderSettlement,12
DeferredTaxLiabilitiesUndistributedForeignEarnings,12
BusinessCombinationRecognizedIdentifiableAssetsAcquiredAndLiabilitiesAssumedCashAndEquivalents,12
CashCashEquivalentsRestrictedCashAndRestrictedCashEquivalents,12
TrdArrSecuritiesAggAvailAmt,12
MarketingAndAdvertisingExpense,12
OtherComprehensiveIncomeLossReclassificationAdjustmentFromAOCIForSaleOfSecuritiesNetOfTax,12
NotesAndLoansReceivableNetNoncurrent,12
OtherComprehensiveIncomeLossAvailableForSaleSecuritiesAdjustmentNetOfTax,12
BusinessCombinationRecognizedIdentifiableAssetsAcquiredAndLiabilitiesAssumedAssets,12
SalesTypeAndDirectFinancingLeasesLeaseReceivablePaymentsToBeReceived,12
BusinessCombinationRecognizedIdentifiableAssetsAcquiredAndLiabilitiesAssumedInventory,12
ProductWarrantyPeriod,12
DistributionPayableToNonControllingInterestHolders,12
LineOfCreditFacilityRemainingBorrowingCapacity,12
NumberOfReportingSegments,12
GoodwillPeriodIncreaseDecrease,12
Effectiveincometaxratereconciliationunrecognizedtaxbenefits,12
CapitalExpendituresIncurredButNotYetPaid,12
BusinessCombinationRecognizedIdentifiableAssetsAcquiredAndLiabilitiesAssumedPropertyPlantAndEquipment,12
NumberOfTermLoanFacilitiesAvailable,12
ShareBasedCompensationArrangementByShareBasedPaymentAwardEquityInstrumentsOtherThanOptionsMarketCapitalizationMilestoneAchievement,12
GrantFundingEqualPercentageOnPropertyTaxesPaid,12
BusinessCombinationRecognizedIdentifiableAssetsAcquiredAndLiabilitiesAssumedCurrentLiabilitiesAccountsPayable,12
BusinessCombinationRecognizedIdentifiableAssetsAcquiredAndLiabilitiesAssumedCurrentAssetsReceivables,12
BusinessCombinationRecognizedIdentifiableAssetsAcquiredAndLiabilitiesAssumedCurrentAssetsPrepaidExpenseAndOtherAssetsCurrentAndNoncurrent,12
BusinessCombinationRecognizedIdentifiableAssetsAcquiredAndLiabilitiesAssumedNoncurrentLiabilitiesOther,12
BusinessCombinationRecognizedIdentifiableAssetsAcquiredAndLiabilitiesAssumedIntangibles,12
DeferredTaxAssetsDeferredGlobalIntangibleLowTaxedIncomeTaxAssets,11
OperatingLeasesFutureMinimumPaymentsDueThereafter,11
EmployeeServiceShareBasedCompensationTaxBenefitFromExerciseOfStockOptions,11
OperatingLeasesFutureMinimumPaymentsDueInFourYears,11
StockIssuedDuringPeriodSharesWithheldForEmployeeTaxes,11
OperatingLeasesFutureMinimumPaymentsDue,11
ExtinguishmentOfDebtAmount,11
OperatingLeasesFutureMinimumPaymentsDueInTwoYears,11
ShareBasedCompensationArrangementByShareBasedPaymentAwardSharesAvailableForGrantAdditionalOptionsReserved,11
OperatingLeasesFutureMinimumPaymentsDueCurrent,11
OperatingLeasesFutureMinimumPaymentsDueInThreeYears,11
CapitalLeasesFutureMinimumPaymentsInterestIncludedInPayments,11
LineOfCreditFacilityIncreaseDecreaseForPeriodNet,11
DeferredTaxAssetsLiabilitiesNet,11
CapitalLeasesFutureMinimumPaymentsDueCurrent,11
IntangibleAssetsOther,11
CapitalLeasesFutureMinimumPaymentsDueInFourYears,11
CapitalLeasesFutureMinimumPaymentsDueInThreeYears,11
NumberOfTeslaStockholders,11
AdjustmentForNetLossRealizedAndIncludedInNetIncome,11
CapitalLeasesFutureMinimumPaymentsDueInTwoYears,11
EnvironmentalRemediationExpense,11
DeferredTaxLiabilities,11
SiteContingencyCostToBePaidBySellerOnBehalfOfCompany,11
PaymentsOfStockIssuanceCosts,11
DeferredTaxLiabilitiesInvestments,11
AdjustmentsNoncashItemsToReconcileNetIncomeLossToCashProvidedByUsedInOperatingActivities,11
CorporateIncomeTaxRate,11
CapitalLeasesFutureMinimumPaymentsDue,11
SiteContingencyCostToBePaidBySeller,11
LesseeOperatingLeaseLiabilityPaymentsDue,10
IncreaseDecreaseInReleaseOfResaleValueGuaranteeFromExpiration,10
StockIssuedDuringPeriodConcurrentPrivatePlacementsSharesNewIssues,10
DeferredTaxAssetLiabilitiesNet,10
WarrantyAndOtherLiabilitiesCurrent,10
AvailableForSaleSecurities,10
FairValueOfWarrantAtIssuance,10
OtherComprehensiveIncomeUnrealizedGainLossOnDerivativesArisingDuringPeriodNetOfTax,10
FinanceLeaseLiabilityPaymentsDue,10
DerivativeNetHedgeIneffectivenessGainLoss,10
FinanceLeaseLiabilityPaymentsDueAfterYearFive,10
IncreaseDecreaseInPropertySubjectToOrAvailableForOperatingLeaseGrossFromDepreciationExpenseOfExpiration,10
ShareBasedCompensationArrangementByShareBasedPaymentAwardEquityInstrumentsOtherThanOptionsVestedAndExpectedToVest,10
FinanceLeaseLiabilityPaymentsDueYearFive,10
ExpenseRecognizedForChangeInFairValue,10
FinanceLeaseLiabilityUndiscountedExcessAmount,10
FinanceLeaseLiabilityPaymentsDueYearFour,10
LeaseArrangementAmountRequiredToSpendOrIncur,10
LesseeOperatingLeaseLiabilityUndiscountedExcessAmount,10
LesseeOperatingLeaseLiabilityPaymentsDueYearTwo,10
ConvertibleSeniorNoteUnpaidPrincipalAmountDueToRelatedParties,10
LesseeOperatingLeaseLiabilityPaymentsDueYearThree,10
BeneficialCorporateIncomeTaxRate,10
FinanceLeaseLiabilityPaymentsDueYearThree,10
LesseeOperatingLeaseLiabilityPaymentsDueYearFive,10
LesseeOperatingLeaseLiabilityPaymentsDueAfterYearFive,10
FinanceLeaseLiabilityPaymentsDueYearTwo,10
LesseeOperatingLeaseLiabilityPaymentsDueYearFour,10
BeneficialCorporateIncomeTaxRateForCertainEnterprises,10
RecoveryOfDirectCosts,10
CommonStockInitialPublicOfferingIssuanceCosts,10
OperatingLeasesFutureMinimumPaymentsReceivableInFiveYears,10
ProceedsFromConvertibleDebt,10
OperatingLeasesFutureMinimumPaymentsReceivableInTwoYears,10
ShareBasedCompensationArrangementByShareBasedPaymentAwardOptionsVestedAndExpectedToVestOutstandingWeightedAverageExercisePrice,10
ShareBasedCompensationArrangementByShareBasedPaymentAwardOptionsVestedAndExpectedToVestExercisableAggregateIntrinsicValue,10
ShareBasedCompensationArrangementByShareBasedPaymentAwardOptionsVestedAndExpectedToVestOutstandingNumber,10
ShareBasedCompensationArrangementByShareBasedPaymentAwardOptionsVestedAndExpectedToVestExercisableWeightedAverageExercisePrice,10
LiabilityInsurancePolicyWithAnAggregateCoverageLimit,10
ShareBasedCompensationArrangementByShareBasedPaymentAwardOptionsVestedAndExpectedToVestExercisableNumber,10
OperatingLeasesFutureMinimumPaymentsReceivableInFourYears,10
ShareBasedPaymentArrangementNonvestedAwardProbableOfAchievementCostNotYetRecognizedAmount,10
OperatingLeasesFutureMinimumPaymentsReceivable,10
NetIncomeLossAdjustedBuyOutOfNoncontrollingInterestDiluted,10
NetIncomeLossAdjustedBuyOutOfNoncontrollingInterestBasic,10
MarketCapitalizationAchieved,10
EffectiveIncomeTaxRateReconciliationAtFederalStatutoryIncomeTaxRate,10
OperatingLeasesFutureMinimumPaymentsReceivableInThreeYears,10
OperatingLeasesFutureMinimumPaymentsReceivableThereafter,10
OperatingLeasesFutureMinimumPaymentsReceivableCurrent,10
OperatingLeaseLeaseIncome,9
ShareBasedCompensationArrangementByShareBasedPaymentAwardEquityInstrumentsOtherThanOptionsOperationalMilestoneAdjustedEBIDTA,9
OperatingLeaseCost,9
UnrecognizedTaxBenefitsIncomeTaxPenaltiesAndInterestExpense,9
EffectiveIncomeTaxRateReconciliationShareBasedCompensationExcessTaxBenefitAmount,9
ShareBasedCompensationArrangementByShareBasedPaymentAwardEquityInstrumentsOtherThanOptionsToVestedAndExpectedToVestWeightedAverageGrantDateFairValue,9
ProceedsReceivedFromDirectorsInShareholderSettlement,9
ShareBasedCompensationArrangementsByShareBasedPaymentAwardOptionsExercisedOrReleasedInPeriodWeightedAverageExercisePrice,9
PaymentsForSolarEnergySystems,9
CryptoAssetNumberOfUnits,9
UnrecognizedTaxBenefitsReductionsResultingFromLapseOfApplicableStatuteOfLimitations,9
StandardProductWarrantyAccrualAdditionsFromAdoptionOfNewRevenueStandard,9
AdditionalSharesClaimValue,9
AmortizationOfIntangibleAssets,9
ShareBasedCompensationArrangementByShareBasedPaymentAwardEquityInstrumentsOtherThanOptionsExercisedOrReleasedInPeriod,9
PaymentForLegalFees,9
NumberOfIndependentDirectors,9
ShareBasedCompensationArrangementByShareBasedPaymentAwardEquityInstrumentsOtherThanOptionsExercisedOrReleasedWeightedAverageGrantDateFairValue,9
PaymentsForRepurchaseOfWarrants,9
RevenueDueToChangesInRegulation,9
NotesPayableRelatedPartiesCurrentAndNoncurrent,9
ReductionInAutomotiveSalesRevenuesFromBuybackOptions,9
ShareBasedCompensationArrangementByShareBasedPaymentAwardOptionsExercisedOrReleasedInPeriod,9
ReductionInGrossProfitFromBuybackOptions,9
StockIssuedDuringPeriodValueEquityIncentiveAwardsNet,9
WeightedAverageNumberOfSharesOutstandingBasicAndDiluted1,9
AccruedEnvironmentalLossContingenciesCurrent,9
AssumptionOfCappedCall,9
AcquisitionOfNoncontrollingInterestInSubsidiaries,9
PledgedAssetsSeparatelyReportedSecuritiesPledgedAsCollateralAtFairValue,9
PaymentsToAcquireBusinessesGross,9
NoncontrollingInterestIncreaseFromBusinessCombination,9
BusinessAcquisitionEquityInterestsIssuedOrIssuableNumberOfSharesIssued,9
LeasedAssetOverheadAllocation,9
PaymentsForProceedsFromHedgeFinancingActivities,9
ProceedsFromCustomers,9
MinorityInterestDecreaseFromDistributionsToNoncontrollingInterestHoldersThroughAcquisition,9
DilutiveSecurities,9
CapitalLeasesFutureMinimumPaymentsDueThereafter,9
DeferredTaxAssetsTaxCreditCarryforwardsGeneralBusiness,8
ClassOfWarrantOrRightNumberOfSecuritiesCalledByEachWarrantOrRight,8
AdditionalSpecifiedScopeCosts,8
IncomeTaxEffectsAllocatedDirectlyToEquityEmployeeStockOptions,8
ShareBasedCompensationArrangementByShareBasedPaymentAwardNumberOfSharesAvailableForIssuance,8
FiniteLivedIntangibleAssetAmortizationExpenseAfterYearFour,8
LongTermPurchaseCommitmentAmount,8
BusinessCombinationRecognizedIdentifiableAssetsAcquiredAndLiabilitiesAssumedLiabilities,8
RestructuringCosts,8
SharebasedCompensationArrangementBySharebasedPaymentAwardOptionsExercisableIntrinsicValue1,8
CryptoAssetFairValueNoncurrent,8
AccretionAmortizationOfDiscountsAndPremiumsInvestments,8
LossContingencyDamagesSoughtShares,8
NumberOfPendingResolutions,8
PaymentsOfDebtExtinguishmentCosts,8
EffectiveIncomeTaxRateReconciliationNontaxableManufacturingCreditAmount,8
IssuanceOfCommonStockUponNetExerciseOfWarrants,8
IncomeRecognizedForChangeInFairValue,8
AdditionalRevenueResultingFromEarlyCancellationOfResaleValueGuarantee,8
AdditionalDepreciationResultingFromEarlyCancellationOfResaleValueOfGuarantee,8
BusinessCombinationRecognizedIdentifiableAssetsAcquiredAndLiabilitiesAssumedDebtAndCapitalLeasesCurrentAndNoncurrent,8
AdditionalDeferredRevenueResultingFromEarlyCancellationOfResaleValueGuarantee,8
PercentageOfProjectCostsThatLoanWillCover,8
DeferredFinanceCostsNet,8
OperatingLeasesIncomeStatementDepreciationExpenseOnPropertySubjectToOrHeldForLease,8
ReserveForLoanPrincipalRepayment,8
DeferredTaxLiabilitiesNoncurrent,8
DeferredTaxAssetsCapitalizedResearchAndDevelopmentCosts,8
BusinessCombinationRecognizedIdentifiableAssetsAcquiredAndLiabilitiesAssumedAccruedLiabilities,8
WeightedAverageSharesUsedInComputingNetLossPerShareOfCommonStockBasicAndDiluted,8
OperatingLeaseOptionToRenewAmountPerYear,8
NumberOfCustomers,8
AvailableForSaleSecuritiesDebtMaturitiesRollingYearSixThroughTenAmortizedCostBasis,7
LossContingencyDamagesSoughtDisinterestedVotingSharesInFavorPercentage,7
AvailableForSaleSecuritiesDebtMaturitiesRollingYearTwoThroughFiveAmortizedCostBasis,7
ProceedsFromHedgeFinancingActivities,7
RestrictedCashAndCashEquivalents,7
OperatingLeasesFutureMinimumPaymentsDueInFiveYears,7
LineOfCreditFacilityCurrentBorrowingCapacity,7
LineOfCreditFacilityAdditionalBorrowingCapacity,7
LinesOfCreditSwingLineLoan,7
DecreaseInRestrictedCash,7
AvailableForSaleSecuritiesDebtMaturitiesNextRollingTwelveMonthsAmortizedCostBasis,7
MinimumPercentageOfCapitalStockHeldByAffiliates,7
DebtInstrumentFeeAmount,7
ProceedsFromIssuanceAndConversionOfConvertiblePreferredStock,7
DeferredCreditsAndOtherLiabilitiesNoncurrent,7
PreferredStockShareIssuedAndOutstanding,7
NotionalAmountOfForeignCurrencyDerivatives,7
CapitalLeasesFutureMinimumPaymentsDueInFiveYears,7
BusinessAcquisitionSharePrice,7
BusinessCombinationStockConversionRatio,7
AvailableForSaleSecuritiesDebtMaturitiesSingleMaturityDateAmortizedCostBasis,7
PreferredStockOfLiquidationPreference,7
FinanceLeaseLiabilityPaymentsDueNextTwelveMonths,7
ShareBasedCompensationArrangementByShareBasedPaymentAwardEquityInstrumentsOtherThanOptionsReleasedInPeriodWeightedAverageGrantDateFairValue,7
BusinessCombinationConsiderationTransferredEquityInterestsIssuedAndIssuable,7
LesseeOperatingLeaseLiabilityPaymentsDueNextTwelveMonths,7
AreaOfRealEstateProperty,7
ShareBasedCompensationArrangementByShareBasedPaymentAwardEquityInstrumentsOtherThanOptionsReleased,7
ReductionInAutomotiveCostOfSalesFromBuybackOptions,7
UnrecognizedTaxBenefitsIncomeTaxPenaltiesAndInterestAccrued,7
OperatingCashFlowRelatedToRepaymentOfDiscountedConvertibleNotes,7
RebatesReceivable,7
UnrecognizedTaxBenefitsThatWouldImpactEffectiveTaxRate,6
InterestIncomeShortTermInvestmentOther,6
CommonStockPrivatePlacementIssuanceCostsPerShare,6
ShareBasedCompensationArrangementByShareBasedPaymentAwardValueOfSharesAvailableForIssuance,6
NumberOfAdditionalIndependentDirectors,6
RepaymentsOfDebtAndCapitalLeaseObligations,6
PreferredStockSharePriceAtIssuance,6
EffectiveIncomeTaxRateReconciliationUnrecognizedTaxBenefits,6
CivilPenaltiesAmountPayable,6
SalesTypeAndDirectFinancingLeasesLeaseReceivablePaymentsToBeReceivedThereafter,6
DeferredRevenueLeasesAccumulatedAmortization,6
DebtInstrumentFairValue,6
LitigationSettlementExpense,6
AdvertisingRevenueCost,6
SalesTypeAndDirectFinancingLeasesLeaseReceivablePaymentsToBeReceivedNextTwelveMonths,6
TangibleAssetImpairmentCharges,6
DerivativeAssetsCurrent,6
NumberOfVehiclesProductiveLifeForTooling,6
LeaseDepositLiability,6
AssetRetirementObligationsNoncurrent,6
AccruedInterestCurrent,6
AvailableForSaleSecuritiesGrossUnrealizedGainAccumulatedInInvestments,6
AvailableForSaleSecuritiesGrossUnrealizedLossAccumulatedInInvestments,6
AccruedAdversePurchaseCommitmentsCurrent,6
FinancingReceivableRecordedInvestmentNonaccrualStatus,6
ExtendedServiceCoverageVehicleMileage,6
EffectiveIncomeTaxRateReconciliationGiltiAmount,6
PaymentsForRestructuring,6
SettlementPurchaseOfNoteHedge,6
Effectiveincometaxratereconciliationglobalintangiblelowtaxedincomeinclusion,6
SalesTypeAndDirectFinancingLeasesLeaseReceivableUndiscountedExcessAmount,6
ConvertibleLongTermAndOtherDebtNotesPayable,6
ConvertibleNotesAndOtherDebtPayableCurrent,6
SalesTypeLeaseNetInvestmentInLeaseAfterAllowanceForCreditLossCurrent,6
IncentivesReceivedInCash,6
SalesTypeLeaseNetInvestmentInLeaseAfterAllowanceForCreditLossNoncurrent,6
StockIssuedDuringPeriodShareBasedCompensationNetOfSharesWithheldForTaxes,6
GainLossOnDispositionOfProperty,6
DebtInstrumentAdditionalBasisSpread,6
IncreaseInDilutedNetIncomePerShareOfCommonStockAttributableToCompany,6
SalesTypeAndDirectFinancingLeasesLeaseReceivablePaymentsToBeReceivedThreeYears,6
SalesTypeAndDirectFinancingLeasesLeaseReceivablePaymentsToBeReceivedTwoYears,6
NumberOfCustomersRepresentingConcentrationRiskPercentage,6
GrossSolarEnergySystemUnderLeasePassThroughFundArrangementAccumulatedDepreciation,6
IncreaseInBasicNetIncomePerShareOfCommonStockAttributableToCompany,6
GrossSolarEnergySystemUnderLeasePassThroughFundArrangement,6
SalesTypeAndDirectFinancingLeasesLeaseReceivablePaymentsToBeReceivedFiveYears,6
GainLossOnInvestments,6
PropertyPlantAndEquipmentTransfersAndChanges,6
AdditionalPayments,6
ProductWarrantyAccrualAdditionsFromBusinessAcquisition,6
SalesTypeAndDirectFinancingLeasesLeaseReceivablePaymentsToBeReceivedFourYears,6
DecreaseInNetInterestExpense,6
ProceedsFromRepaymentsOfLinesOfCredit,6
BusinessCombinationSeparatelyRecognizedTransactionsNetGainsAndLosses,6
RepaymentsOfSecuredDebt,6
EffectOfExchangeRateOnCashCashEquivalentsRestrictedCashAndRestrictedCashEquivalents,6
NumberOfOperationalMilestonesFocusedOnRevenueTargetsAndAdjustedEBITDA,5
UnrecognizedTaxBenefitsDecreasesResultingFromSettlementsWithTaxingAuthorities,5
DeferredTaxAssetsConvertibleNotes,5
InventoryAdjustments,5
DeferredTaxLiabilitiesTaxDeferredIncome,5
OperatingLeasesOfLessorContingentRentalsBasisSpreadOnVariableRate,5
AdjustmentAttributableToCurrentRateTranslationOfNonMonetaryAssets,5
DefinedContributionPlanEmployerMatchingContributionPercentOfMatch,5
SiteContingencyCostToBePaidInExcessByCompany,5
UpperThresholdThirdPartyLiability,5
DefinedContributionPlanEmployersMatchingContributionAnnualVestingPercentage,5
DefinedContributionPlanMaximumAnnualContributionsPerEmployeeAmount,5
PaymentOfFinancingAndStockIssuanceCosts,5
OtherDebtIssuanceCost,5
ForeignCurrencyCashFlowHedgeGainLossToBeReclassifiedDuringNext12Months,5
ConvertibleDebtNoncurrent,5
PercentageOfFurtherDiscountedOnMarketBasedPremiumForMarketQuote,5
VariableInterestEntityFinancialOrOtherSupportAmount,5
SharesIssuedInConnectionOfBusinessCombinationAndAssumedVestedAwards,5
NumberOfLeaseFinancingObligations,5
DeferredTaxAssetsPropertyPlantAndEquipment,5
NumberOfFunds,5
LowerThresholdThirdPartyLiability,5
PercentageOfEmployeesEligibleCompensationVested,5
GrantFundingAmountReceived,5
ConstructionAndDevelopmentCosts,5
MinimumLeasePaymentPercentageOfFairValue,5
NetCashProvidedByUsedInContinuingOperations,5
DefinedContributionPlanMaximumAnnualContributionsPerEmployeePercent,5
OtherComprehensiveIncomeLossReclassificationAdjustmentForSaleOfSecuritiesIncludedInNetIncomeNetOfTax,5
ExtendedProductWarrantyPeriod,5
SeveranceCosts1,5
BusinessAcquisitionProFormaWeightedAverageNumberOfShareOutstandingBasicAndDiluted,5
PercentOfCommonStockConversionTrigger,5
WriteOffOfLoanOriginationCosts,5
ExpectedCapitalInvestment,5
CommonStockInitialPublicOfferingIssuanceCostsPerShare,5
BusinessAcquisitionsProFormaRevenue,5
DerivativeNotionalAmountNet,5
BusinessAcquisitionsProFormaNetIncomeLoss,5
IncreaseDecreaseInDeferredDevelopmentCompensation,5
BusinessAcquisitionProFormaEarningsPerShareBasicAndDiluted,5
DeRecognitionOfBuildToSuitLeaseAssets,4
FairValueAdjustmentOfWarrants,4
DeferredRevenueAndCredits,4
ConcentrationRiskPercentage,4
DebtInstrumentQuarterlyPrincipalRepaymentPercentageInThirdYear,4
DeRecognitionOfBuildToSuitLeaseLiabilities,4
DebtInstrumentQuarterlyPrincipalRepaymentPercentageInNextTwelveMonths,4
BusinessCombinationRecognizedIdentifiableAssetsAcquiredAndLiabilitiesAssumedOperatingLeaseRightOfUseAssets,4
NumberOfCustomersWithMaterialNonAccrualOrPastDueNotesReceivable,4
NumberOfCustomersWithKnownDisputesOrCollectionIssues,4
BusinessCombinationContingentConsiderationArrangementsChangeInTheRangeOfOutcomesContingentConsiderationLiabilityValueHigh,4
BusinessCombinationRecognizedIdentifiableAssetsAcquiredAndLiabilitiesAssumedLiabilitiesAndEquity,4
BusinessCombinationRecognizedIdentifiableAssetsAcquiredAndLiabilitiesAssumedDeferredRevenueCurrent,4
DebtInstrumentQuarterlyPrincipalRepaymentPercentageInFourthAndFifthYear,4
BusinessCombinationRecognizedIdentifiableAssetsAcquiredAndLiabilitiesAssumedAdditionalPaidInCapital,4
BusinessCombinationRecognizedIdentifiableAssetsAcquiredAndLiabilitiesAssumedAccruedLiabilitiesAndOther,4
SiteContingencyLossExposureInExcessOfAccrualHighEstimate,4
IssuanceOfCommonStockUponNetExerciseOfWarrantsShares,4
FinancingReceivableRecordedInvestmentPastDue,4
CommonStockPrivatePlacementPricePerShare,4
DeferredTaxAssetsGrossAndValuationAllowanceIncreaseDecrease,4
CustomerFunds,4
MinimumTaxRate,4
PropertyPlantAndEquipmentAndFinanceLeaseRightOfUseAssetAfterAccumulatedDepreciationAndAmortization,4
DebtInstrumentRedemptionPricePercentageOfPrincipalAmountRedeemed,4
CashAndCashEquivalentsFairValueDisclosure,4
OperatingLeasesNotYetCommencedValueWithAggregateRentPayments,4
SharebasedCompensationArrangementBySharebasedPaymentAwardEquityInstrumentsOtherThanOptionsAggregateIntrinsicValueOutstanding,4
FairValueWarrant,4
ProfitsFromIncomeOfCorporations,4
DerivativeInstrumentsGainReclassifiedFromAccumulatedOCIIntoIncomeEffectivePortion,4
LinesOfCreditFairValueDisclosure,4
DebtConversionConvertedInstrumentWarrantsOrOptionsIssued1,4
ShareBasedCompensationArrangementByShareBasedPaymentAwardOfRemainingVestingOption,4
PropertySubjectToOrAvailableForOperatingLeaseAccumulatedDepreciationAndAmortization,4
RemainingPercentageOfCostsNotFinancedByLoanFacility,4
DeferredTaxAssetsInvestments,4
DeferredTaxAssetsOther,4
UndrawnInvestorContributions,4
ContractWithCustomerLiabilityRevenueAndCredits,4
LossContingencyActionsTakenByPlaintiffsNumber,4
CapitalLeasesLesseeBalanceSheetAssetsByMajorClassAccumulatedDeprecationAndAmortization,4
AssetsHeldByInsuranceRegulators,4
OperatingCashFlowRelatedToRepaymentOfDiscountedConvertibleSeniorNotes,4
LossContingencyDamagesPaidValue,4
AdjustmentsToAdditionalPaidInCapitalIncreaseDecreaseInStockSplit,4
ProceedsFromLegalSettlements,4
LitigationSettlementAmountAwardedToOtherParty,4
IncreaseDecreaseInRemainingPerformanceObligation,4
BuildToSuitLeaseLiabilityAccruedCurrent,4
DeferredTaxLiabilityNotRecognizedAmountOfUnrecognizedDeferredTaxLiabilityUndistributedEarningsOfForeignSubsidiaries,4
ShareBasedCompensationArrangementOutsidePlanOptionsOutstanding,4
AdjustmentsToAdditionalPaidInCapitalTaxEffectFromShareBasedCompensation,4
AvailableForSaleSecuritiesDebtMaturitiesNextRollingTwelveMonthsFairValue,4
DeferredTaxAssetsDepreciationAndAmortization,4
AvailableForSaleSecuritiesDebtMaturitiesRollingYearTwoThroughFiveFairValue,4
AvailableForSaleSecuritiesDebtMaturitiesSingleMaturityDate,4
ConvertibleLongTermNotesPayable,4
BusinessCombinationShareBasedCompensationExpense,4
ManagementFeeExpense,4
RepaymentsOfNotesPayable,4
DeferredRevenueRevenueRecognizedInNextRollingTwelveMonths,4
IncreaseDecreaseInCollateralizedLeaseBorrowings,4
WarehouseAgreementBorrowings,4
RelatedPartyTransactionAmountsOfTransaction,4
BorrowingsLimitsBasedOnPresentValueOfRemainingLeasePaymentAndResidualVehicleValue,4
LineOfCreditFacilityMaximumCommitmentAmount,4
IncreaseDecreaseInCustomerAdvances,4
WarrantyCostsIncurredForOperatingLeaseVehicles,4
DeferredTaxAssetsInventoryAndWarrantyReserves,4
DeferredTaxLiabilitiesDepreciationAndAmortization,4
MaximumEligibleAmountOfTransferableInvestmentTaxCredits,4
PercentageOfFullyDilutedSharesGrantedOnApproval,3
ShareBasedPaymentArrangementNonvestedAwardNotProbableOfAchievementCostNotYetRecognizedAmount,3
AdditionalPercentageOfFullyDilutedSharesGrantedOnApproval,3
BusinessCombinationContingentConsiderationLiability,3
IncentivesManufacturingEquipmentInvestments,3
DigitalAssetsPurchaseCurrencyConversionRate,3
NumberOfTransactions,3
ReclassificationsOfTemporaryToPermanentEquity,3
ShareBasedCompensationArrangementByShareBasedPaymentAwardOptionsGrantsInPeriodExercisePriceAndFairValuePerShareOfCommonStock,3
ShareBasedCompensationArrangementByShareBasedPaymentAwardOptionsAvailableForGrantWithVestingScheduleBasedOnAttainmentOfPerformanceObjective,3
SaleOfStockConsiderationReceivedOnTransaction,3
SaleOfStockNumberOfSharesIssuedInTransaction,3
SaleOfStockOtherOfferingCosts,3
SaleOfStockSalesAgentCommissions,3
AggregateCatchUpExpense,3
NumberOfPurchaseOrders,3
BusinessCombinationRecognizedIdentifiableAssetsAcquiredAndLiabilitiesAssumedNotesReceivableNetOfCurrentPortion,3
BusinessAcquisitionCostOfAcquiredEntityTransactionCosts,3
BusinessCombinationStockBasedCompensationExpenseRecognizedOfAssumedUnvestedShareBasedAwards,3
DerivativeAmountOfHedgedItem,3
ConversionOfStockSharesIssued1,3
ConversionOfStockSharesConverted1,3
BusinessCombinationRecognizedIdentifiableAssetsAcquiredAndLiabilitiesAssumedFinancialLiabilities,3
BusinessCombinationRecognizedIdentifiableAssetsAcquiredGoodwillAndLiabilitiesAssumedLessNoncontrollingInterest,3
BusinessCombinationStepAcquisitionEquityInterestInAcquireeFairValue1,3
ResearchAndDevelopmentInProcess,3
ShareBasedCompensationArrangementByShareBasedPaymentAwardNumberOfSharesTradedForTaxes,3
PaymentsToAcquireAssetsInvestingActivities,3
CommonStockReceiveUponExerciseOfOption,3
CryptoAssetUnrealizedGainLossOperatingAndNonoperating,3
ExcessTaxBenefitFromShareBasedCompensationFinancingActivities,3
IncomeTaxReconciliationBargainInPurchaseGainLoss,3
TaxCreditCarryforwardAmount,3
DerivativeCapPrice,3
DerivativePriceRiskOptionStrikePrice,3
BusinessCombinationRecognizedIdentifiableAssetsAcquiredAndLiabilitiesAssumedRestrictedCashCurrentAndNoncurrent,3
NotesReceivableFairValueDisclosure,3
ProceedsFromRelatedPartyDebt,3
IncreaseDecreaseInCustomerDeposits,3
ShareBasedCompensationArrangementByShareBasedPaymentAwardOffsetAmountPerShare,3
UnrecognizedTaxBenefitsIncreasesResultingFromAcquisition,3
UnrecognizedTaxBenefitsChangeInBalanceRelatedToEffectOfUSTaxLawChange,3
AdjustmentsToAdditionalPaidInCapitalExerciseOfConversionFeatureOfConvertibleSeniorNotes,3
BusinessCombinationAcquisitionOfLessThan100PercentRedeemableAndNonRedeemableNoncontrollingInterestFairValue,3
EffectiveIncomeTaxRateReconciliationChangeInUSTaxLaw,3
IncomeTaxesPaidNet,3
BusinessCombinationCappedCallOptionsAssociatedWithConvertibleNotes,3
BusinessCombinationFairValueOfReplacementStockOptionsAndRestrictedStockUnitsForAcquireVestedAwards,3
BusinessCombinationRecognizedIdentifiableAssetsAcquiredAndLiabilitiesAssumedPropertySubjectToOrAvailableForLease,3
IncomeTaxReconciliationTaxContingencies,3
FinanceLeaseLiabilityPaymentsRemainderOfFiscalYear,3
Effectiveincometaxratereconciliationconvertibledebt,3
BusinessCombinationRecognizedIdentifiableAssetsAcquiredAndLiabilitiesAssumedIntangibleAssetsOtherThanGoodwill,3
AvailableForSaleSecuritiesAccumulatedGrossUnrealizedLossBeforeTax,3
LeaseFinancingObligations,3
BusinessCombinationRecognizedIdentifiableAssetsAcquiredAndLiabilitiesAssumedDeferredRevenueCurrentAndNoncurrent,3
ServiceCoverageVehicleMileage,3
NetCostConvertibleNoteHedgingTransactions,3
ProceedsFromSaleOfWarrants,3
ConstructionPayableCurrentAndNoncurrent,3
ShareBasedCompensationArrangementByShareBasedPaymentAwardSharesAvailableForGrantExercised,3
AvailableForSaleSecuritiesDebtMaturitiesRollingYearSixThroughTenFairValue,3
SharebasedCompensationArrangementBySharebasedPaymentAwardOptionsVestedNumberOfShares,3
LessorOperatingLeasePaymentsToBeReceivedRemainderOfFiscalYear,3
OtherComprehensiveGainLossReclassificationAdjustmentOnDerivativesAndSecuritiesNetOfTax,3
ShareBasedCompensationArrangementByShareBasedPaymentAwardUnderlyingEquityAwardsOutstandingNumber,3
DebtInstrumentNumberOfExtensionOptions,3
LeaseFinancingObligationPayments,3
LesseeOperatingLeaseLiabilityPaymentsRemainderOfFiscalYear,3
ConvertiblePrincipalAmount,2
EffectiveIncomeTaxRateReconciliationCrossBorderTaxEffectAmount,2
IssuanceOfConvertiblePreferredStockWarrantAmount,2
CryptoAssetAddition,2
DebtSecuritiesAvailableForSaleAmortizedCostIncludingCashAndCashEquivalents,2
ShareBasedCompensationArrangementByShareBasedPaymentAwardFairValueAssumptionsGrantDateFairValue,2
ProceedsFromIssuanceOfConvertiblePreferredStock,2
DebtSecuritiesAvailableForSaleIncludingCashAndCashEquivalents,2
IssuanceOfConvertiblePreferredStockShares,2
PropertyPlantAndEquipmentAndFinanceLeaseRightOfUseAssetAccumulatedDepreciationAndAmortization,2
ExcessTaxBenefitFromShareBasedCompensationOperatingActivities,2
EffectiveIncomeTaxRateReconciliationForeignIncomeTaxRateDifferential,2
EffectiveIncomeTaxRateReconciliationOtherAdjustments,2
IssuanceOfCommonStockWarrantAmount,2
IncomeTaxPaidForeignAfterRefundReceived,2
IncomeTaxPaidStateAndLocalAfterRefundReceived,2
IncomeTaxReconciliationOtherAdjustments,2
NumberOfOperationalMilestonesAchieved,2
CommonStockPrivatePlacementIssuanceCosts,2
ShareBasedCompensationArrangementByShareBasedPaymentAwardEquityInstrumentsOtherThanOptionsGrantDateFairValue,2
ConversionOfStockAmountConverted1,2
BudgetedObligationsForDevelopmentOfAndBuildOutOfManufacturingFacility,2
ShareBasedCompensationArrangementByShareBasedPaymentAwardNumberOfTranches,2
IssuanceOfConvertiblePreferredStock,2
ConvertiblePreferredStockNetOfIssuanceCosts,2
ConvertiblePreferredStockIssuanceCost,2
ConvertiblePreferredStockIssuanceCostPerShare,2
ShareBasedCompensationArrangementByShareBasedPaymentAwardEquityInstrumentsOtherThanOptionsOperationalMilestoneNumberOfDeliveredVehicles,2
MinimumPercentageOfAmountsRequiredToFundExcessOverFinancingCommitment,2
PercentageOfRemainingProjectCostsForApplicableProject,2
ShareBasedCompensationArrangementByShareBasedPaymentAwardFairValueAssumptionsIlliquidityDiscount,2
PercentageOfNetOfferingProceedsToBeReceivedInOtherFollowOnEquityOffering,2
ContributionPercentageOfEligibleProjectCosts,2
ShareBasedCompensationArrangementByShareBasedPaymentAwardNumberOfSharesAuthorized,2
PercentageOfNetOfferingProceedsToBeReceivedByEntity,2
ProductLiabilityContingencyPercentageOfLiabilityAccountableByCompany,2
ProductLiabilityContingencyPercentageOfLiabilityAccountableByDriver,2
ReimbursementExpectedToBeReceiveFromDoeLoanFacilityForOngoingBudgetedCosts,2
RestructuringCharges,2
PercentageOfBudgetedObligationsForDevelopmentOfAndBuildOutOfManufacturingFacilityOutOfOngoingBudgetCost,2
StockIssuedDuringPeriodNetExerciseOfConvertibleSecuritiesAmount,2
OtherComprehensiveIncomeAvailableForSaleSecuritiesAdjustmentNetOfTaxPeriodIncreaseDecrease,2
ShareBasedCompensationArrangementByShareBasedPaymentAwardEquityInstrumentsOtherThanOptionsVestedPricePerShare,2
PercentageOfBudgetedCostPaid,2
ChangesInFairValueOfCommonStockAndOrConvertiblePreferredStockWarrantLiability,2
EffectiveIncomeTaxRateReconciliationConvertibleDebt,2
ProceedsFromLinesOfCredit,2
DerivativeCostOfHedge,2
LendersWarrantsToPurchaseCommonStockAtStrikePrice,2
OtherNonoperatingIncome,2
SharePrice,2
DeferredRevenueRevenueRecognized1,2
LoansInRepaymentInPercentage,2
LesseeAdditionalOperatingLeaseNotYetCommencedExpense,2
AmountOfAdjustmentsToAdditionalPaidInCapitalConvertibleDebtDiscount,2
AccruedWarrantyAndOtherLiabilitiesCurrent,2
BusinessCombinationRecognizedIdentifiableAssetsAcquiredAndLiabilitiesAssumedDebtAndFinancialLeasesCurrentAndNoncurrent,2
SharesIssuedInConnectionOfBusinessCombination,2
NumberOfSubsidiariesEnteredIntoFacilityAgreement,2
ReductionInCostOfAutomotiveSalesFromBuybackOptions,2
CouponInterestExpense,2
IncomeTaxReconciliationBargainInPurchaseGain,2
BusinessCombinationRecognizedIdentifiableAssetsAcquiredAndLiabilitiesAssumedDebtAndFinanceLeasesCurrentAndNoncurrent,2
DebtInstrumentAnnualInterestRateAsPercentageOfOneYearLoanInterestRateQuotedByBank,2
PaymentsToAcquireLand,2
FinancingLeaseObligationNoncurrent,2
AvailableForSaleSecuritiesAccumulatedGrossUnrealizedGainBeforeTax,2
ProceedsFromIssuanceInitialPublicOffering,2
IndefiniteLivedIntangibleAssetsOther,2
BusinessCombinationShareExchangeRatio,2
RepaymentOfSecuredNotesPayable,2
NumberOfMajorCustomers,2
ClassOfWarrantOrRightOutstanding,2
IncreaseDecreaseInPropertySubjectToOrAvailableForOperatingLeaseGrossFromDepreciationExpenseOfExpirationAndExercisesOfResaleValueGuarantee,2
IncreaseDecreaseInReleaseOfResaleValueGuaranteeFromExpirationAndExercises,2
DeferredTaxAssetsNetNoncurrent,2
AbandonmentLossInResearchAndDevelopmentOperatingExpenses,2
InterestPayableCurrentAndNoncurrent,2
SharesReservedToCoverStockAwardsIssuedAndOutstanding,2
DeferredTaxAssetsDerivativeInstruments,2
DeferredTaxLiabilitiesDerivatives,2
StandardProductWarrantyAccrualNoncurrent,2
StandardProductWarrantyAccrualCurrent,2
AccrualForEnvironmentalLossContingenciesPayments,2
ConvertibleNotesPayableCurrent,2
IncentivesReceivedInFormOfAssetsAndServices,2
NonCashAdditionallyEstimatedFairMarketValueOfManufacturingFacility,2
StockRepurchaseProgramNumberOfSharesAuthorizedToBeRepurchased,2
CumulativeUnremittedForeignEarningsThatArePermanentlyInvested,2
BusinessCombinationLiabilitiesArisingFromContingenciesAmountRecognized,2
PercentageOfAmountAgreedToReturnInSettlementOfLitigation,2
BusinessCombinationProFormaInformationOperatingIncomeLossOfAcquireeSinceAcquisitionDateActual,2
BusinessCombinationRecognizedIdentifiableAssetsAcquiredAndLiabilitiesAssumedChangeInAccruedLiabilities,2
NetExercisedSharesOfCommonStockWarrant,2
OtherComprehensiveIncomeChangeInUnrealizedGainLossOnDerivativesAndSecuritiesArisingDuringPeriodNetOfTax,2
BusinessCombinationRecognizedIdentifiableAssetsAcquiredAndLiabilitiesAssumedChangeInNotesReceivableNetOfCurrentPortion,2
NumeratorOfConversionRatioConvertiblePreferredStock,2
ForeignEarningsRepatriated,2
DeferredRevenueRevenueRecognized,2
ConvertibleSeniorNoteOutstandingPrincipalAmountDueToRelatedParties,2
AmortizationOfLoanOriginationCosts,2
CumulativeEffectOnRetainedEarningsNetOfTax1,2
DenominatorOfConvertiblePreferredStockRatio,2
NumberOfAcresOfLandPurchased,2
BusinessCombinationProFormaInformationRevenueOfAcquireeSinceAcquisitionDateActual,2
PerformanceMilestoneBasedOnRevenue,1
EffectiveIncomeTaxRateReconciliationTaxCreditsResearch,1
PerformanceMilestoneBasedOnAdjustedEBITDATwo,1
LossContingencyNumberOfPlaintiffsSentToArbitration,1
PerformanceMilestoneBasedOnAdjustedEBITDAOne,1
ShareBasedCompensationArrangementByShareBasedPaymentAwardEquityInstrumentsOtherThanOptionsOperationalMilestoneNumberOfBotsDelivered,1
ShareBasedCompensationArrangementByShareBasedPaymentAwardFairValueAssumptionsDilutionAdjustment,1
ShareBasedCompensationArrangementByShareBasedPaymentAwardEquityInstrumentsOtherThanOptionsOperationalMilestoneNumberOfRobotaxisInCommercialOperation,1
ShareBasedCompensationArrangementByShareBasedPaymentAwardNumberOfSharesOutstanding,1
PercentageOfVehiclesInTransitToCustomers,1
DerivativeInstrumentsLossReclassifiedFromAccumulatedOCIIntoIncomeEffectivePortion,1
ShareBasedCompensationArrangementByShareBasedPaymentAwardEquityInstrumentsOtherThanOptionsAssumedThroughAcquisition,1
ShareBasedCompensationArrangementByShareBasedPaymentAwardEquityInstrumentsOtherThanOptionsAssumedThroughAcquisitionWeightedAverageGrantDateFairValue,1
AreaOfLand,1
ShareBasedCompensationArrangementByShareBasedPaymentAwardNonvestedNumber,1
IncreaseDecreaseInNetIncomeLossAttributableToParent,1
IncreaseDecreaseInEarningsPerShareDiluted,1
IncreaseDecreaseInEarningsPerShareBasic,1
ShareBasedCompensationArrangementByShareBasedPaymentAwardSharesAssumedThroughAcquisition,1
ShareBasedCompensationArrangementsByShareBasedPaymentAwardOptionsAssumedThroughAcquisitionWeightedAverageExercisePrice,1
IncreaseDecreaseInDigitalAssetsNet,1
ShareBasedCompensationArrangementByShareBasedPaymentAwardEquityInstrumentsOtherThanOptionsOperationalMilestoneNumberOfActiveFullSelfDrivingSubscriptions,1
AdjustmentsToAdditionalPaidInCapitalSettledPortionOfBondHedgesAndWarrants,1
ShareBasedCompensationArrangementByShareBasedPaymentAwardEquityInstrumentsOtherThanOptionsOperationalMilestoneAdjustedEBIDTANumberOfNonOverlappingPeriods,1
IncomeTaxReconciliationTaxCreditsForeign,1
EffectiveIncomeTaxRateReconciliationTaxCreditsForeign,1
EffectiveIncomeTaxRateReconciliationTaxContingencies,1
EffectiveIncomeTaxRateReconciliationShareBasedCompensationExcessTaxBenefitPercent,1
EffectiveIncomeTaxRateReconciliationTaxExemptIncome,1
EffectiveIncomeTaxRateReconciliationNondeductibleExpenseShareBasedCompensationCost,1
IncreaseDecreaseInDeferredTaxAssets,1
IncomeTaxPaidFederalAfterRefundReceived,1
ShareBasedCompensationArrangementByShareBasedPaymentAwardOptionsExercisedOrReleasedInPeriodTotalIntrinsicValue,1
AdjustmentAttributableToTranslationOfNonMonetaryAssetsAndLiabilities,1
EffectiveIncomeTaxRateReconciliationChangeInDeferredTaxAssetsValuationAllowance,1
IncomeTaxReconciliationTaxCreditsResearch,1
ShareBasedCompensationArrangementByShareBasedPaymentAwardEquityInstrumentsOtherThanOptionsOperationalMilestoneAdjustedEBIDTANumberOfConsecutiveQuarters,1
DeferredRevenueAdditions,1
IncomeTaxReconciliationTaxExemptIncome,1
DeferredRevenuePeriodIncreaseDecrease,1
CommonStockNewSpecialShareReserve,1
CommonStockIncreaseInCapitalSharesReservedForFutureIssuance,1
NumberOfPerformanceMilestoneAchieved,1
ShareBasedCompensationArrangementByShareBasedPaymentAwardEquityInstrumentsOtherThanOptionsNetIncomeLossAdjustedEBIDTANumberOfConsecutiveQuarters,1
IncreaseDecreaseInNotesReceivables,1
IncomeTaxReconciliationTaxCreditsInvestment,1
DebtInstrumentInterestRateStatedPercentage2,1
EffectiveIncomeTaxRateReconciliationNondeductibleExpenseOther,1
ShareBasedCompensationArrangementByShareBasedPaymentAwardFairValueAssumptionsExpectedTermForForeignGrants,1
DebtInstrumentConvertibleConversionNoticeReceived,1
AvailableForSaleSecuritiesDebtMaturitiesRollingAfterYearTenAmortizedCostBasis,1
LongTermLoansPayable,1
MisstatedValueInPriorYearFinancialStatementsAmount,1
OperatingLeaseTerm,1
AdjustmentsToAdditionalPaidInCapitalConvertibleDebtWithConversionFeature,1
OtherComprehensiveIncomeLossNetOfTaxPeriodIncreaseDecrease,1
QuantifyingMisstatementInCurrentYearFinancialStatementsAmount,1
SaleOfStockPricePerShare,1
SharesIssuedUponConversionOfEach1000PrincipalAmount,1
OneTimeFee,1
ShareBasedCompensationArrangementByShareBasedPaymentAwardOptionsRepurchasedRestrictedStockWeightedAverageExercisePrice,1
ShareBasedCompensationArrangementByShareBasedPaymentAwardSharesAvailableForRepurchasedRestrictedStock,1
FairValueOfCommonStockWarrantsIssued,1
IssuanceCostsForCommonStockAndConvertibleNotes,1
BusinessCombinationRecognizedIdentifiableAssetsAcquiredGoodwillAndLiabilitiesAssumedNet,1
FairValueOfWarrants,1
EffectiveIncomeTaxRateReconciliationGlobalIntangibleLowTaxedIncomeInclusion,1
FairValueConcentrationOfRiskForeignCurrencyContracts,1
UndistributedEarningsOfForeignSubsidiaries,1
SharebasedCompensationArrangementBySharebasedPaymentAwardOptionsVestedInPeriodFairValue1,1
DeferredTaxAssetsTaxCreditCarryforwardsForeign,1
CommitmentsUnused,1
PercentageOfPerformanceMilestoneGrossMargin,1
NetBenefitInGrossProfit,1
IncreaseInNetIncomeLossAttributableToCommonStockHolders,1
IncreaseInCostOfAutomotiveSales,1
IncreaseInAutomotiveSalesRevenue,1
IncomeTaxReconciliationDeductionsOther,1
RemainingMarketCapitalization,1
AmountsRepresentingInterestNotYetIncurred,1
AggregateNumberOfCommonStockSharesExercisedFromWarrantsIssued,1
EachTranchEqualsToPercentageOfCommonStock,1
OtherComprehensiveIncomeLossCashFlowHedgeGainLossAfterReclassificationAndTax,1
PaymentsToAcquireLandHeldForUse,1
RepaymentsOfOtherDebt,1
ConversionOfCommonStockPerShare,1
ShareBasedCompensationArrangementByShareBasedPaymentAwardVestingPortionMonthlyBasis,1
DeferredOfferingCosts,1
AssetBackedSecuritiesAtCarryingValue,1
LetterOfCredit,1
TemporaryEquityContributionsToNoncontrollingInterests,1
CarryingValueOfCreditAgreementLiability,1
CashPaidInLieuOfFractionalSharesOfCommonStock,1
DeferredTaxAssetsOperatingLossCarryforwardsDomestic,1
RestructuringAndRelatedCostExpectedCost1,1
AbandonmentLossInRestructuringAndOtherOperatingExpenses,1
ShareBasedCompensationArrangementByShareBasedPaymentAwardNumberOfTranchesVested,1
ProceedsFromIssuanceOfConvertibleNotesAndWarrants,1
CreditCardToAccountsReceivablePercentage,1
BusinessCombinationConsiderationTransferredIncludingEquityInterestInAcquireeHeldPriorToCombination1,1
ExchangeOfAccruedInterestForConvertibleNotesPayable,1
ShareBasedCompensationArrangementByShareBasedPaymentAwardVestingPortion,1
FinancingLeaseObligationCurrent,1
EstimatedProductiveLife,1
DebtInstrumentConvertibleConversionRatio1,1
DebtAndCapitalLeaseObligations,1
ResearchAndDevelopmentArrangementWithCustomerFundingToOffsetCostsIncurred,1
GainOnExtinguishmentOfConvertibleNotesAndWarrants,1
ShareBasedCompensationArrangementByShareBasedPaymentAwardEquityInstrumentsOtherThanOptionsExercisedInPeriodWeightedAverageGrantDateFairValue,1
ShareBasedCompensationArrangementByShareBasedPaymentAwardEquityInstrumentsOtherThanOptionsExercised,1
PaymentsForUnderwritingDiscountsAndCommission,1
FairValueOfDepartmentOfEnergyWarrant,1
DebtConversionConvertedInstrumentWarrantsOrOptionsIssuedAmountConverted,1
AdjustmentsToAdditionalPaidInCapitalConvertibleDebtDiscount,1
LesseeOperatingLeaseCapitalExpendituresOverNextFiveYears,1
UnderwritingDiscountsAndOfferingCosts,1
LongTermPurchaseCommitmentMinimumQuantityRequired,1
BusinessCombinationIntegrationRelatedCosts,1
