date,DUPONT DE NEMOURS INC_original,SPDR S&P 500 ETF TRUST_original,DUPONT DE NEMOURS INC_smoothed,SPDR S&P 500 ETF TRUST_smoothed,Estimated_DUPONT DE NEMOURS INC_original,Estimated_DUPONT DE NEMOURS INC_smoothed,spread_original,spread_smoothed,z_score,hedge_ratio,intercept,side
2017-01-03,72.1563,196.684,72.33460102389593,196.3273701419608,72.46919233240462,72.33842012533408,-0.3128923324046157,-0.00381910143815406,-1.1809362518503779,-0.3666888907999775,-0.3473545343018431,
2017-01-04,72.7383,197.852,72.41534081911674,196.63229611356866,72.86402393887462,72.41697834844973,-0.12572393887463257,-0.0016375293329998208,-0.6283973585956318,-0.36651977205128494,-0.34735399898379576,
2017-01-05,72.4085,197.719,72.41397265529339,196.84963689085492,72.73613537025737,72.41784457723755,-0.32763537025737227,-0.0038719219441568087,-0.8870986498592809,-0.3661195071100059,-0.3473525439741146,
2017-01-06,71.9574,198.389,72.32265812423472,197.15750951268393,72.78200275122956,72.3323680109037,-0.8246027512295528,-0.009709886668990586,-1.7586101316600884,-0.3651142619102135,-0.34734944512421334,
2017-01-09,72.3946,197.766,72.33704649938778,197.27920761014715,72.51654259919222,72.33890127356801,-0.12194259919222616,-0.0018547741802333872,0.07823089593743343,-0.3649221502372052,-0.34734863538109806,
2017-01-10,72.248,197.766,72.31923719951023,197.37656608811773,72.46381914600846,72.32180990437662,-0.21581914600846241,-0.0025727048664010432,0.10354140535570196,-0.36465556105644337,-0.3473474581198901,
2017-01-11,72.9895,198.292,72.45328975960818,197.55965287049418,72.71756150164656,72.45027831508861,0.2719384983534467,0.0030114445195691952,1.6987225328131925,-0.3649678899380727,-0.3473486700462474,
2017-01-12,73.023,197.824,72.56723180768654,197.61252229639535,72.63997166823464,72.56268945053782,0.38302833176536394,0.004542357148726361,1.7507505134699024,-0.3654390811870224,-0.34735087149311555,
2017-01-13,72.4085,198.254,72.53548544614924,197.74081783711628,72.72628080402909,72.5389273252337,-0.3177808040290836,-0.0034418790844620295,-0.28562796223611286,-0.3650818215165624,-0.34734936108453895,
2017-01-17,71.8185,197.584,72.39208835691939,197.70945426969303,72.3526611322468,72.39838029083117,-0.5341611322467901,-0.006291933911778624,-0.9070859167608112,-0.3644288767232936,-0.34734595375155264,
2017-01-18,72.2941,197.997,72.37249068553551,197.76696341575442,72.45844661752677,72.37466660304689,-0.16434661752677027,-0.00217591751137558,0.054906205070038704,-0.3642030016861711,-0.3473448926699474,
2017-01-19,71.523,197.268,72.20259254842841,197.66717073260352,72.06378511662022,72.20890295361589,-0.5407851166202207,-0.006310405187470336,-0.8094991764612556,-0.3635482893476898,-0.34734117358014066,
2017-01-20,71.8855,197.988,72.13917403874272,197.73133658608282,72.23669197535523,72.14349760630537,-0.35119197535523516,-0.004323567562650843,-0.3306184379749819,-0.3630995459287606,-0.3473390760117784,
2017-01-23,71.5821,197.49,72.02775923099418,197.68306926886626,71.96231271156671,72.03232461641844,-0.38021271156671865,-0.004565385424262658,-0.5990790522118877,-0.3626258350842118,-0.34733654078572407,
2017-01-24,74.715,198.743,72.56520738479534,197.895055415093,72.85340340211059,72.54405353881994,1.861596597889417,0.021153845975405483,2.561988984441969,-0.36482320755026526,-0.3473446639482203,1.0
2017-01-25,75.429,200.454,73.13796590783627,198.4068443320744,73.8700248674818,73.1191674896715,1.5589751325182017,0.018798418164780284,1.6535253306163902,-0.36678079228393334,-0.34734793099822275,
2017-01-26,76.9457,200.244,73.89951272626902,198.7742754656595,74.41342848755046,73.86980808260812,2.532271512449544,0.02970464366091019,1.86442082865052,-0.36987911152090686,-0.34735568015798524,
2017-01-27,76.8059,199.95,74.48079018101522,199.00942037252761,74.80699354531231,74.45672992720768,1.9989064546876796,0.024060253807542786,1.1808519459746085,-0.37239124458383965,-0.34736419077358044,
2017-01-30,75.3482,198.694,74.65427214481218,198.9463362980221,74.54988071914944,74.64411601005388,0.7983192808505595,0.01015613475830035,0.14912522067142628,-0.3734511905068038,-0.3473698725905803,
2017-01-31,74.7012,198.675,74.66365771584975,198.89206903841767,74.58072157064385,74.66182770905047,0.12047842935615488,0.001830006799281525,-0.5136953303783931,-0.37364213246557637,-0.3473709030454582,0.0
2017-02-01,75.5413,198.753,74.8391861726798,198.86425523073413,74.78888312994184,74.83055297691364,0.7524168700581736,0.008633195766169499,-0.09790156698851818,-0.3745428120262712,-0.34737561128435923,
2017-02-02,74.9878,198.876,74.86890893814385,198.86660418458732,74.87070658493711,74.86718576063814,0.11709341506288046,0.0017231775057078846,-0.7378811287272224,-0.3747225913170105,-0.3473765141753253,
2017-02-03,75.429,200.254,74.98092715051507,199.14408334766986,75.39644216802702,74.98047940301298,0.0325578319729799,0.0004477475020933097,-0.9252633946410673,-0.3747693704214529,-0.34737666364939923,
2017-02-06,75.1906,199.921,75.02286172041205,199.2994666781359,75.25647209312483,75.02358760823067,-0.065872093124825,-0.00072588781861882,-1.1097610696764488,-0.3746934825564859,-0.34737636694961893,
2017-02-07,74.9002,199.931,74.99832937632964,199.42577334250873,75.19077929424917,75.0016496294108,-0.2905792942491727,-0.003320253081173341,-1.0889176403195135,-0.3743461712362983,-0.34737493280481413,
2017-02-08,74.8292,200.169,74.9645035010637,199.57441867400698,75.1910576842478,74.96874225486509,-0.3618576842477989,-0.004238753801392325,-0.954792649489988,-0.37390247500860274,-0.34737316425078685,
2017-02-09,75.4882,201.363,75.06924280085096,199.93213493920558,75.6055334746199,75.07075661534289,-0.11733347461989674,-0.0015138144919283336,-0.6105492987135394,-0.37374374001424204,-0.34737275413208046,
2017-02-10,76.6551,202.159,75.38641424068076,200.37750795136446,76.04673705416648,75.3796492018101,0.6083629458335204,0.006765038870668927,0.9627209727648838,-0.37445457748033384,-0.34737412531967415,
2017-02-13,77.1171,203.261,75.73255139254461,200.95420636109156,76.5916651690978,75.72637451299241,0.5254348309022001,0.006176879552200865,1.0523885797809567,-0.37510535901895226,-0.34737478954653417,
2017-02-14,77.3229,204.092,76.05062111403569,201.58176508887325,76.98929618871827,76.04663686803018,0.3336038112817283,0.003984246005510339,0.493865952573435,-0.3755263368020682,-0.34737505811056285,
2017-02-15,76.5429,205.117,76.14907689122856,202.2888120710986,77.2162236921236,76.1563429898008,-0.6733236921236043,-0.007266098572246582,-1.6379487213531898,-0.37475610849329494,-0.347374986304432,
2017-02-16,76.931,204.946,76.30546151298284,202.82024965687887,77.10381737581635,76.30768066488295,-0.1728173758163552,-0.0022191519001114046,-0.4423908378342989,-0.37452032573330085,-0.34737469807928273,
2017-02-17,76.7418,205.271,76.39272921038628,203.3103997255031,77.13045569906008,76.39707918175563,-0.38865569906008113,-0.004349971369350891,-0.7732648614352328,-0.37405713283022435,-0.3473739858671083,
2017-02-21,76.6946,206.524,76.45310336830902,203.95311978040246,77.42063098620788,76.46119715241275,-0.7260309862078895,-0.008093784103736512,-1.2600398875196073,-0.37319274016793036,-0.3473735157662372,
2017-02-22,79.7644,206.333,77.11536269464722,204.42909582432196,77.80930024804749,77.09453295913723,1.9550997519524982,0.02082973550998718,2.270567069780654,-0.37542188206804944,-0.34737705530065893,1.0
2017-02-23,79.3862,206.476,77.56953015571777,204.83847665945757,78.17275538501849,77.5555365875056,1.2134446149815143,0.013993568212174123,1.1886127842729552,-0.376922137371454,-0.3473801491101487,
2017-02-24,79.6107,206.705,77.97776412457422,205.21178132756606,78.53033070232097,77.96554399129128,1.0803692976790225,0.012220133282932866,0.8276589162590746,-0.37823442839023425,-0.3473831819175976,
2017-02-27,78.814,207.021,78.14501129965937,205.57362506205286,78.69090187278346,78.14316785150942,0.12309812721653635,0.0018434481499551847,-0.19330814572225793,-0.3784327107742402,-0.34738365558948225,0.0
2017-02-28,77.9956,206.504,78.11512903972749,205.75970004964228,78.40070891925497,78.11938222667816,-0.4051089192549746,-0.004253186950666787,-0.6971387626193278,-0.3779748909584168,-0.34738203677807533,
2017-03-01,79.4995,209.386,78.392003231782,206.48496003971383,79.48856795953884,78.39206798882775,0.010932040461151926,-6.475704575348296e-05,-0.23399344487214535,-0.37796789624467236,-0.3473820364518805,
2017-03-02,79.3597,208.093,78.5855425854256,206.80656803177106,79.06912298472528,78.58246479311492,0.29057701527472746,0.0030777923106833915,-0.02353645097083338,-0.3783007602651146,-0.34738287887677954,
2017-03-03,79.2493,208.218,78.71829406834048,207.08885442541686,79.14436255321557,78.71705434522106,0.10493744678443706,0.0012397231194296587,-0.2611246706624086,-0.3784350021938262,-0.34738326642147,
2017-03-06,79.5655,207.566,78.88773525467239,207.1842835403335,79.0266872446117,78.88199502919187,0.5388127553883089,0.005740225480524719,0.12382674728686835,-0.37905678876471954,-0.3473858278739193,
2017-03-07,79.1105,206.926,78.93228820373791,207.1326268322668,78.85091603047007,78.92930606084215,0.2595839695299239,0.002982142895756712,-0.36504230615790734,-0.3793797229144641,-0.34738748667168207,
2017-03-08,79.2759,206.563,79.00101056299033,207.01870146581342,78.82297453888525,78.99610060064602,0.4529254611147476,0.004909962344316565,0.1353463378817098,-0.3799111364536536,-0.34739045960919873,
2017-03-09,79.6049,206.81,79.12178845039226,206.97696117265073,79.0521994220185,79.11573912820194,0.5527005779815024,0.0060493221903268335,0.6145360471407502,-0.38056576373215134,-0.34739382457227386,
2017-03-10,79.9751,207.549,79.29245076031381,207.09136893812058,79.46120583961866,79.28676541036283,0.5138941603813345,0.005685349950973639,0.920524589858942,-0.38118135718194857,-0.3473963378624126,
2017-03-13,80.31,207.663,79.49596060825105,207.20569515049647,79.66356332205581,79.48889731802814,0.6464366779441997,0.007063290222921459,1.0993075954624816,-0.381946537888863,-0.3473994244408323,
2017-03-14,79.7752,206.849,79.55180848660085,207.13435612039717,79.43885095464934,79.54796063919517,0.33634904535066035,0.0038478474056820033,-0.09048640322526924,-0.3823632182620405,-0.34740162036452027,
2017-03-15,80.7266,208.667,79.78676678928068,207.44088489631773,80.25110132110149,79.78159185806462,0.47549867889851616,0.005174931216059275,0.3398151036924752,-0.38292445923457025,-0.34740318600141673,
2017-03-16,80.0018,208.275,79.82977343142454,207.60770791705417,80.0859147258346,79.83044058044511,-0.0841147258345935,-0.0006671490205698016,-2.0315762238252066,-0.38285205522245636,-0.3474029243775029,-1.0
2017-03-17,80.2126,207.892,79.90633874513964,207.66456633364334,79.99116970765478,79.90403949757842,0.22143029234522055,0.0022992475612138574,-0.8845034938430768,-0.3831016378187697,-0.34740401823510786,
2017-03-20,80.8054,207.654,80.08615099611171,207.66245306691468,80.07513530681746,80.07838082009067,0.7302646931825505,0.007770176021042963,1.3067899671068395,-0.38394505875440627,-0.3474080762299793,0.0
2017-03-21,79.0238,204.971,79.87368079688937,207.12416245353174,79.0468807984965,79.873596527121,-0.023080798496513844,8.42697683737792e-05,-1.4589067120146095,-0.3839541820304665,-0.34740815352976134,
2017-03-22,78.6614,205.472,79.6312246375115,206.79372996282538,79.12939230624357,79.63616945400501,-0.4679923062435744,-0.00494481649352102,-2.029638244399263,-0.3834195804096986,-0.34740428030198806,-1.0
2017-03-23,79.9624,205.232,79.6974597100092,206.4813839702603,79.2096004229758,79.68968713599729,0.7527995770242057,0.007772574011909283,1.0395918521104583,-0.3842587422675709,-0.34741022991768483,0.0
2017-03-24,79.0238,205.089,79.56272776800736,206.20290717620824,79.13566101123709,79.56358644192649,-0.11186101123709447,-0.0008586739191244197,-0.8378652090589059,-0.3841661494147661,-0.347409593912117,
2017-03-27,80.1996,204.87,79.6901022144059,205.9363257409666,79.26944615978103,79.68022661281871,0.9301538402189746,0.009875601587179705,1.4557918715861997,-0.38522980104121135,-0.34741682046805833,
2017-03-28,81.4259,206.389,80.03726177152471,206.0268605927733,80.16342615936867,80.02337741657747,1.2624738406313276,0.013884354947234778,1.6893967395030491,-0.3867260507871498,-0.34742326345960567,
2017-03-29,81.2742,206.563,80.28464941721977,206.13408847421863,80.44149433349135,80.27518541832346,0.8327056665086441,0.009463998896307668,0.8226303694434511,-0.387746435269874,-0.34742742484036215,
2017-03-30,80.9778,207.213,80.42327953377581,206.3498707793749,80.75544421645078,80.42051104134258,0.22235578354921448,0.002768492433229186,-0.34963607163907495,-0.38804522788099294,-0.3474284115466062,
2017-03-31,80.1672,206.734,80.37206362702065,206.4266966234999,80.49456059015506,80.37542447897864,-0.32736059015506475,-0.003360851957990907,-1.1951094968915164,-0.3876824021045803,-0.3474268734667428,
2017-04-03,79.5585,206.399,80.20935090161652,206.42115729879993,80.2078181326651,80.21639128773468,-0.6493181326651019,-0.007040386118163877,-1.3750761911586968,-0.3869223927969413,-0.34742318176921644,
2017-04-04,79.7388,206.524,80.11524072129322,206.44172583903995,80.15171799000032,80.11992589033187,-0.41291799000031687,-0.004685169038644965,-0.932113249838798,-0.38641657717876826,-0.3474208047323731,
2017-04-05,80.1386,205.912,80.11991257703457,206.33578067123196,79.95431716118863,80.11815347729907,0.18428283881136592,0.0017590997354900995,-0.17008537486790054,-0.38660639154251963,-0.3474218658853275,
2017-04-06,80.2588,206.495,80.14769006162766,206.36762453698557,80.19620425104958,80.1469499079414,0.06259574895040848,0.000740153686245637,-0.22068108718443083,-0.38668627334124483,-0.3474222374492289,
2017-04-07,79.725,206.294,80.06315204930212,206.35289962958845,80.0437542046147,80.06650854811414,-0.31875420461470794,-0.00335649881202682,-0.7624090940392697,-0.3863240509055682,-0.3474204471014154,
2017-04-10,79.8284,206.409,80.01620163944169,206.36411970367075,80.0358765528309,80.01854958754213,-0.20747655283089722,-0.0023479481004357594,-0.4773198013134752,-0.3860706525121033,-0.34741923846016215,
2017-04-11,78.8474,206.169,79.78244131155336,206.3250957629366,79.73183903477718,79.79194299023762,-0.8844390347771842,-0.00950167868425561,-1.4600623581590244,-0.3850453998860184,-0.3474139856766491,
2017-04-12,78.1207,205.232,79.45009304924268,206.1064766103493,79.125524542892,79.46119160176117,-1.0048245428920008,-0.011098552518495564,-1.6129816659290899,-0.3838490988742435,-0.34740628273325147,
2017-04-13,77.0393,203.93,78.96793443939414,205.67118128827943,78.31633005811449,78.98203913724802,-1.2770300581144964,-0.014104697853886516,-1.7239646612402195,-0.38233185918932255,-0.3473940136359401,
2017-04-17,77.8832,205.75,78.75098755151531,205.68694503062355,78.78527482294801,78.76123643406756,-0.9020748229480042,-0.010248882552242211,-0.8071253731988886,-0.38122909452129033,-0.34738862519251734,
2017-04-18,77.5671,205.098,78.51421004121225,205.56915602449885,78.34378218816711,78.52295737882974,-0.7766821881671088,-0.008747337617486584,-0.4843602987490543,-0.38028844235454556,-0.34738323813452,
2017-04-19,77.6578,204.723,78.3429280329698,205.39992481959908,78.09087972727862,78.34794173095334,-0.43307972727863125,-0.005013697983549947,0.2208862326821786,-0.37974970961616783,-0.34737992552789615,
2017-04-20,78.1463,206.409,78.30360242637583,205.60173985567926,78.61493827344478,78.3088359135305,-0.46863827344478726,-0.005233487154674532,0.3618366358418896,-0.3791867616254573,-0.34737799309578155,
2017-04-21,78.4299,205.758,78.32886194110067,205.6329918845434,78.37591451735136,78.32850833979812,0.05398548264864039,0.00035360130254807887,1.6145751637784211,-0.379224799766736,-0.3473781669472957,
2017-04-24,79.2631,208.025,78.51570955288054,206.11139350763472,79.24119908158428,78.5154606951274,0.02190091841571412,0.00024885775313915337,1.3771293498852464,-0.3792516326383512,-0.3473782019912722,
2017-04-25,81.7705,209.203,79.16666764230443,206.72971480610778,80.09159331174833,79.14882391589555,1.678906688251669,0.017843726408881155,2.440112985723282,-0.3811810292565354,-0.34737844819335656,
2017-04-26,81.1628,209.06,79.56589411384354,207.19577184488622,80.26835442171267,79.55568374761738,0.8944455782873333,0.010210366226162615,1.270129094888941,-0.3822872603550995,-0.34737977187556485,
2017-04-27,79.725,209.252,79.59771529107483,207.60701747590898,80.23059167730977,79.60260967959434,-0.5055916773097741,-0.004894388519496418,-0.3036206126621587,-0.38175602993864627,-0.3473789005881619,
2017-04-28,79.2296,208.782,79.52409223285987,207.8420139807272,79.88934310452201,79.53122632986694,-0.6597431045220081,-0.007134097007068407,-0.6584706943731496,-0.38098095855948527,-0.34737661455555774,
2017-05-01,78.8781,209.328,79.3948937862879,208.13921118458174,79.85698971964926,79.40544887348784,-0.9788897196492641,-0.010555087199951074,-1.0345910012968902,-0.3798326837408439,-0.3473736975458947,
2017-05-02,78.8781,209.414,79.29153502903031,208.39416894766538,79.68680633797797,79.30042901901027,-0.8087063379779611,-0.008893989979947392,-0.846129911887232,-0.37886404623903613,-0.3473709588764624,
2017-05-03,77.8636,209.137,79.00594802322425,208.5427351581323,79.24492000189298,79.02073182395439,-1.3813200018929668,-0.014783800730136465,-1.2626936194477463,-0.3772529723178557,-0.3473651302535861,
2017-05-04,77.4953,209.405,78.7038184185794,208.71518812650584,78.97891710265576,78.71989280821386,-1.483617102655757,-0.016074389634454678,-1.1754290851777482,-0.37549990714112963,-0.3473590477675122,
2017-05-05,79.6049,210.237,78.88403473486352,209.01955050120466,79.339372827502,78.88194246607894,0.26552717249799024,0.0020922687845730814,0.48541742089578327,-0.3757284075238426,-0.3473596149119155,
2017-05-08,78.6889,210.2,78.84500778789082,209.25564040096373,79.20454933921219,78.85026986411413,-0.5156493392121873,-0.005262076223301715,-0.13999006512608375,-0.3751531465975659,-0.3473579244038502,
2017-05-09,78.0093,210.005,78.67786623031266,209.40551232077098,78.91170192635403,78.68742936852253,-0.9024019263540375,-0.009563138209876587,-0.3938571941548963,-0.37410703439298026,-0.34735416865621643,
2017-05-10,77.8636,210.38,78.51501298425013,209.60040985661678,78.81603274991488,78.52525695728849,-0.9524327499148839,-0.010243973038349452,-0.3296480417463769,-0.37298546562494383,-0.3473504917392134,
2017-05-11,78.0487,209.95,78.42175038740011,209.67032788529343,78.53130627834416,78.4271582767023,-0.4826062783441619,-0.0054078893021886065,0.6154932690123979,-0.37239322823136317,-0.34734801116947034,
2017-05-12,78.2714,209.587,78.39168030992009,209.65366230823474,78.36808643654881,78.39290211002591,-0.09668643654880188,-0.0012218001058184602,1.1966333564016087,-0.3722594391677996,-0.3473473596871995,
2017-05-15,78.7273,210.727,78.45880424793607,209.86832984658778,78.77898100567275,78.45938786825195,-0.05168100567275091,-0.0005836203158823272,1.0645110973942764,-0.37219546545408083,-0.34734715693065554,
2017-05-16,78.6023,210.523,78.48750339834886,209.99926387727024,78.68324425004367,78.48836131945014,-0.08094425004366895,-0.0008579211012688659,0.8503135646081401,-0.37210137345081773,-0.34734680705717563,
2017-05-17,75.9511,206.802,77.98022271867909,209.35981110181618,77.04293015587342,77.99153241645473,-1.091830155873422,-0.011309697775641891,-0.9388174084922544,-0.37086486172013977,-0.3473350224250828,
2017-05-18,76.4327,207.654,77.67071817494327,209.01864888145295,77.17398898963545,77.67887411870068,-0.7412889896354529,-0.008155943757404416,-0.6593384231625976,-0.36997438383393516,-0.3473282889834793,
2017-05-19,77.3298,208.973,77.60253453995462,209.00951910516235,77.5920983079651,77.60559722859249,-0.26229830796509085,-0.003062688637862798,0.6137978953952326,-0.36963996153176265,-0.34732662678805476,
2017-05-22,76.931,210.075,77.4682276319637,209.2226152841299,77.79151445771106,77.4772826609164,-0.8605144577110655,-0.009055028952704935,-0.7363184058942774,-0.36865020095285667,-0.3473234925397042,
2017-05-23,76.6828,210.515,77.31114210557097,209.48109222730392,77.70198346276841,77.32206950137056,-1.0191834627684089,-0.010927395799596673,-1.1082883903498641,-0.3674544010895309,-0.3473202174058073,
2017-05-24,77.5277,211.005,77.35445368445677,209.78587378184312,77.8053022648376,77.35777231167798,-0.27760226483760353,-0.0033186272212113455,0.4951507061569013,-0.3670907462200374,-0.3473193586786103,
2017-05-25,76.5163,212.046,77.18682294756542,210.2378990254745,77.86177035263958,77.20081019417445,-1.3454703526395821,-0.013987246609035553,-1.551088540986846,-0.36555489310467776,-0.34731748936508383,
2017-05-26,77.0393,211.999,77.15731835805234,210.5901192203796,77.67836686846412,77.1644482591151,-0.6390668684641222,-0.007129901062763566,-0.062363603808030334,-0.3647708285774771,-0.3473159808675442,
2017-05-30,76.8206,211.806,77.08997468644186,210.83329537630368,77.45080760331216,77.09671506198343,-0.6302076033121646,-0.006740375541574861,0.1730959266605914,-0.3640288456563032,-0.34731392023319735,
2017-05-31,78.1728,211.769,77.30653974915349,211.02043630104293,77.57367666907047,77.3006959674665,0.5991233309295254,0.005843781686987015,2.2559136971854006,-0.3646726417328257,-0.3473160019517009,
2017-06-01,79.1824,213.433,77.68171179932278,211.50294904083435,78.37892270738483,77.67329154640434,0.803477292615167,0.00842025291843762,1.8633997514738598,-0.3656023472486566,-0.3473169270623122,
2017-06-02,79.5478,214.152,78.05492943945822,212.03275923266747,78.82384877706077,78.04724774319871,0.7239512229392253,0.007681696259515258,1.3665132077327367,-0.3664524795073471,-0.3473173856033704,
2017-06-05,79.7526,213.999,78.39446355156657,212.426007386134,78.96405942369795,78.38618965650417,0.7885405763020596,0.008273895062407333,1.1815207599504298,-0.36736966346811056,-0.34731881118575275,
2017-06-06,80.4016,213.301,78.79589084125325,212.60100590890718,79.04008790562237,78.7818403126213,1.3615120943776258,0.014050528631950499,1.4219912012168958,-0.36892824709121413,-0.34732387281932137,
2017-06-07,80.7217,213.693,79.1810526730026,212.81940472712574,79.49166474149743,79.16811591997858,1.2300352585025731,0.012936753024026915,1.0744719354556538,-0.3703646660705092,-0.3473281548920913,
2017-06-08,80.7089,213.807,79.48662213840208,213.0169237817006,79.77016720642578,79.47667778092817,0.9387327935742218,0.009944357473916587,0.6249598641559524,-0.371469762916476,-0.3473316065428054,
2017-06-09,81.6839,213.482,79.92607771072167,213.1099390253605,80.04818077809182,79.90927645408418,1.6357192219081718,0.01680125663748916,1.2161512933505128,-0.37333752657673175,-0.3473389294379707,
2017-06-12,80.7601,213.433,80.09288216857733,213.17455122028838,80.18310080967059,80.08642665683463,0.5769991903294038,0.006455511742701647,-0.29989532777098205,-0.37405536580139237,-0.34734192058200963,
2017-06-13,82.3359,214.486,80.54148573486187,213.4368409762307,80.92119833880676,80.52707105748723,1.4147016611932333,0.014414677374630314,1.038115474690382,-0.375660192964419,-0.3473461906403952,
2017-06-14,81.419,214.209,80.71698858788949,213.59127278098458,80.94409042398277,80.71166881039458,0.4749095760172321,0.0053197774949109156,-1.3230986721161706,-0.3762528288111463,-0.3473482171759275,
2017-06-15,80.8714,213.797,80.74787087031159,213.63241822478767,80.80897511913999,80.74703544119363,0.06242488086000414,0.0008354291179527018,-1.8014978595867714,-0.37634590990672956,-0.3473486188109293,
2017-06-16,81.2417,213.846,80.84663669624926,213.67513457983014,80.90763896920038,80.84327036945237,0.33406103079962185,0.0033663267968979116,-1.11343262872673,-0.37672104562774616,-0.34735024588936875,
2017-06-19,82.2838,215.607,81.1340693569994,214.06150766386412,81.71146174166724,81.12823573762807,0.5723382583327672,0.005833619371333976,-0.5877487277212314,-0.377372304218197,-0.34735134609442375,
2017-06-20,82.133,214.171,81.33385548559953,214.0834061310913,81.35906233687345,81.32592933169116,0.7739376631265387,0.007926153908378808,-0.08998613203499713,-0.37825712684121454,-0.34735522416369946,
2017-06-21,80.3435,214.132,81.13578438847962,214.09312490487304,81.15823896537968,81.14356796362564,-0.8147389653796747,-0.007783575146021016,-2.038996019117317,-0.3773881891764757,-0.3473512406425808,
2017-06-22,80.5365,214.028,81.0159275107837,214.08009992389842,81.00122333077032,81.02085655976234,-0.46472333077031397,-0.0049290489786408265,-1.2817543976334713,-0.3768379591167032,-0.3473486169405668,
2017-06-23,80.0795,214.277,80.82864200862696,214.11947993911872,80.89616837410642,80.83695503982032,-0.816668374106426,-0.008313031193365628,-1.4442593290356494,-0.37590979812234315,-0.3473445618451036,
2017-06-26,80.2056,214.419,80.70403360690156,214.17938395129497,80.80017820300172,80.71027110146753,-0.5945782030017167,-0.006237494565965229,-0.9514886102751515,-0.37521318801510883,-0.3473416419900982,
2017-06-27,79.6049,212.659,80.48420688552125,213.87530716103598,80.0329490513572,80.4887124059223,-0.4280490513571992,-0.004505520401046792,-0.5921933798550417,-0.37471073850860276,-0.3473381108562493,
2017-06-28,80.3819,214.602,80.46374550841699,214.02064572882878,80.68456962848981,80.46693701822281,-0.3026696284898071,-0.003191509805814119,-0.2569224661956206,-0.3743545391496884,-0.34733681788837373,
2017-06-29,79.6974,212.678,80.3104764067336,213.752116583063,79.91089886013981,80.31272953005612,-0.21349886013981406,-0.0022531233225243086,-0.042595899230419156,-0.37410340390650987,-0.34733512411111805,
2017-06-30,80.1603,213.09,80.28044112538689,213.6196932664504,80.08154435038873,80.27974545552954,0.07875564961128217,0.0006956698573511999,0.538535296083214,-0.37418090373132995,-0.34733557427962497,
