date,SPDR S&P 500 ETF TRUST_original,CITIGROUP INC_original,SPDR S&P 500 ETF TRUST_smoothed,CITIGROUP INC_smoothed,Estimated_SPDR S&P 500 ETF TRUST_original,Estimated_SPDR S&P 500 ETF TRUST_smoothed,spread_original,spread_smoothed,z_score,hedge_ratio,intercept,side
2017-01-03,196.684,50.9414,196.3273701419608,50.53028474404763,197.96071383901386,196.3952265407927,-1.2767138390138557,-0.06785639883186878,0.7971343292521909,-3.8079036852928407,-3.9807690450371256,
2017-01-04,197.852,51.6315,196.63229611356866,50.7505277952381,200.18361630964594,196.83586764725092,-2.3316163096459492,-0.20357153368227632,0.0664400968531359,-3.8000616186293636,-3.98073484738394,
2017-01-05,197.719,50.7338,196.84963689085492,50.74718223619048,196.78980471139252,196.8406626491903,0.9291952886074877,0.008974241664631233,1.0595397061612524,-3.8004065295141425,-3.9807399243278927,
2017-01-06,198.389,50.9071,197.15750951268393,50.77916578895238,197.57790222233524,197.0913749001611,0.8110977776647812,0.0661346125228417,1.2411286440540263,-3.80294932989468,-3.9807803904537766,
2017-01-09,197.766,50.6291,197.27920761014715,50.749152631161905,196.71982218710207,197.17684827426095,1.0461778128979233,0.10235933588620583,1.4574971478036922,-3.806881054880977,-3.9808605714275984,
2017-01-10,197.766,50.6379,197.37656608811773,50.72690210492952,196.94096378244365,197.2801138714887,0.8250362175563333,0.09645221662900605,1.3923732367321977,-3.8105850340690757,-3.9809398857571927,
2017-01-11,198.292,50.4127,197.55965287049418,50.664061683943615,196.4238556012841,197.38339027714227,1.8681443987159194,0.1762625933519142,1.729501122485536,-3.8173466250068064,-3.9811053988034577,
2017-01-12,197.824,49.799,197.61252229639535,50.49104934715489,194.6593307285246,197.30915254413793,3.1646692714754288,0.303369752257435,2.130886168090356,-3.8289492310152555,-3.981487973195886,1.0
2017-01-13,198.254,50.1367,197.74081783711628,50.42017947772391,196.41284757640116,197.5008782133996,1.8411524235988321,0.23993962371668376,1.53877293778959,-3.838128409627166,-3.9817549414468334,
2017-01-17,197.584,49.0854,197.70945426969303,50.15322358217913,193.1701843940012,197.28585129856492,4.413815605998789,0.4236029711281022,2.134438057804031,-3.8542573635288715,-3.9824200022411587,
2017-01-18,197.997,48.2543,197.76696341575442,49.7734388657433,191.1993890914804,197.09329901698445,6.797610908519599,0.6736643987699695,2.5712431986304947,-3.8797703478017525,-3.983786797550297,
2017-01-19,197.268,47.6375,197.66717073260352,49.34625109259464,190.2077146430072,196.88747826778177,7.060285356992795,0.7796924648217369,2.362839270179628,-3.9091495851696823,-3.9856012794864584,
2017-01-20,197.988,47.1774,197.73133658608282,48.91248087407571,189.9952797715962,196.83622484589372,7.992720228403824,0.8951117401891069,2.242874472414605,-3.9427240404236223,-3.9878106269147664,
2017-01-23,197.49,46.8124,197.68306926886626,48.492464699260566,190.1137624785715,196.79361444766045,7.376237521428512,0.8894548212058071,1.9113551225120973,-3.9759492429243264,-3.990036139100776,
2017-01-24,198.743,47.707,197.895055415093,48.33537175940845,194.76805647520948,197.28087049836535,3.974943524790532,0.6141849167276656,1.0456631580372735,-3.998928954925405,-3.991152822583175,
2017-01-25,200.454,48.5059,198.4068443320744,48.36947740752676,198.60283983257435,198.05549651215958,1.8511601674256641,0.3513478199148241,0.25013689706528747,-4.012116398698134,-3.9915230089625564,
2017-01-26,200.244,48.2278,198.7742754656595,48.34114192602141,198.0224792537781,198.478477875729,2.2215207462219095,0.2957975899305265,0.015506648567342463,-4.023212221263697,-3.9918048891167532,
2017-01-27,199.95,48.0163,199.00942037252761,48.276173540817126,197.67917269546834,198.7274447898987,2.2708273045316543,0.28197558262892075,-0.08257788982036589,-4.0337777025481385,-3.9920923966061497,0.0
2017-01-30,198.694,47.5964,198.9463362980221,48.1402188326537,196.47317378144052,198.67238741552555,2.2208262185594774,0.2739488824965517,-0.1321415410213074,-4.044018893853684,-3.992432902023029,
2017-01-31,198.675,46.9396,198.89206903841767,47.90009506612296,194.56502814679453,198.4645793325345,4.109971853205466,0.42748970588316215,0.31099438637865134,-4.0599387995614835,-3.993124870898341,
2017-02-01,198.753,47.1255,198.86425523073413,47.745176052898366,195.96963029572154,198.49401506364256,2.7833697042784284,0.3702401670915525,0.057486190664184714,-4.073716833358149,-3.9936876653021183,
2017-02-02,198.876,47.198,198.86660418458732,47.63574084231869,196.78347429701876,198.57151167080406,2.0925257029812605,0.29509251378327184,-0.3147335698353048,-4.084693957991554,-3.9940888677333697,
2017-02-03,200.254,48.7006,199.14408334766986,47.848712673854955,202.72690446391726,199.25060229608277,-2.472904463917272,-0.10651894841290988,-1.7493579685095773,-4.080706522029648,-3.9940484171601702,
2017-02-06,199.921,48.6027,199.2994666781359,47.99951013908397,201.95869111810248,199.50182575682703,-2.037691118102501,-0.20235907869114556,-1.9007889149840387,-4.073121119019369,-3.9940073067398174,
2017-02-07,199.931,48.2229,199.42577334250873,48.044188111267175,200.24523347569345,199.51793514613075,-0.3142334756934453,-0.09216180362202309,-1.4370474029625433,-4.06966953748664,-3.9939663364289437,
2017-02-08,200.169,47.4858,199.57441867400698,47.93251048901374,197.57027273484223,199.3912905175319,2.598727265157781,0.18312815647508218,-0.5608576236758998,-4.076505538766637,-3.9941460220774974,
2017-02-09,201.363,48.2807,199.93213493920558,48.00214839121099,200.97674575355433,199.84027085958985,0.3862542464456826,0.09186407961574083,-0.8384136882665966,-4.079943745093423,-3.994205779822286,
2017-02-10,202.159,48.5939,200.37750795136446,48.12049871296879,202.28991877349017,200.3581239973664,-0.13091877349017222,0.01938395399808046,-0.9998620650530866,-4.080670731248856,-3.9942133262564066,
2017-02-13,203.261,49.707,200.95420636109156,48.437798970375034,206.36873867326295,201.2013806177561,-3.1077386732629684,-0.24717425666453252,-1.6346866375507991,-4.071347197877526,-3.99428350836477,
2017-02-14,204.092,50.45,201.58176508887325,48.84023917630003,208.54994048238942,202.02298039482446,-4.457940482389402,-0.4412153059512014,-1.870092668436023,-4.05461481697823,-3.9946229658377184,
2017-02-15,205.117,51.0099,202.2888120710986,49.274171341040024,209.81140585915531,202.8080366295601,-4.694405859155317,-0.5192245584614952,-1.796596851225776,-4.034829518682675,-3.995155594103913,
2017-02-16,204.946,50.9091,202.82024965687887,49.60115707283202,208.52684521045379,203.2720812304443,-3.580845210453784,-0.45183157356541015,-1.4702753526662007,-4.017578956130268,-3.9955163749223703,
2017-02-17,205.271,50.7348,203.3103997255031,49.827885658265615,207.24411465568448,203.61092890432377,-1.9731146556844985,-0.30052917882068275,-1.0244986861617993,-4.006095817618886,-3.995644567953833,
2017-02-21,206.524,51.0549,203.95311978040246,50.073288526612494,208.09697122646628,204.17280080264482,-1.5729712264662887,-0.2196810222423644,-0.7543430861859126,-3.9976819038995766,-3.995721391063777,
2017-02-22,206.333,51.1146,204.42909582432196,50.28155082129,207.94984673141434,204.62586921180923,-1.6168467314143338,-0.1967733874872617,-0.6122008927407686,-3.9901336014187936,-3.995763748333267,
2017-02-23,206.476,51.1146,204.83847665945757,50.448160657032,207.64767102489964,204.99242891742503,-1.1716710248996471,-0.15395225796747036,-0.40386974283004823,-3.9842217232395267,-3.995771330200521,
2017-02-24,206.705,50.2199,205.21178132756606,50.4025085256256,204.34634414860676,205.07485430798917,2.358655851393258,0.1369270195768939,0.6229156517978367,-3.989464111199641,-3.9958554305719014,
2017-02-27,207.021,50.6066,205.57362506205286,50.44332682050048,206.1112132935811,205.45912431673614,0.9097867064188923,0.11450074531672572,0.5896894499381289,-3.9938523819026863,-3.995923343584614,
2017-02-28,206.504,50.4314,205.75970004964228,50.44094145640038,205.61582568373655,205.65397149749268,0.888174316263441,0.10572855214959587,0.6053186688327049,-3.997902642471982,-3.9959983601750406,
2017-03-01,209.386,51.8889,206.48496003971383,50.730533165120306,211.22163496269448,206.5955339480836,-1.8356349626944852,-0.11057390836978742,-0.09823525698031589,-3.9936407667363163,-3.9960085815904454,
2017-03-02,208.093,51.1215,206.80656803177106,50.808726532096244,208.08950777025046,206.84081526063395,0.003492229749535003,-0.034247228862871903,0.32297001675035025,-3.9923223602865576,-3.996000228861211,
2017-03-03,208.218,51.4357,207.08885442541686,50.934121225676996,209.17488722005425,207.17407097547397,-0.9568872200542606,-0.0852165500571167,0.19849960463812466,-3.9890369110631974,-3.995981373680967,
2017-03-06,207.566,50.8278,207.1842835403335,50.9128569805416,206.8127751946821,207.15217572642084,0.7532248053179065,0.03210781391266737,0.7316041018896153,-3.9902725158784107,-3.9960018121174055,
2017-03-07,206.926,51.0099,207.1326268322668,50.93226558443328,207.47506319154724,207.16537860704952,-0.5490631915472375,-0.03275177478271418,0.37575153511161663,-3.9890116031280236,-3.995980217147054,
2017-03-08,206.563,51.5267,207.01870146581342,51.05115246754662,209.12086929952022,207.22774064181115,-2.557869299520232,-0.20903917599772814,-0.4499642411416222,-3.9809451811101146,-3.995901236013677,
2017-03-09,206.81,51.8977,206.97696117265073,51.2204619740373,209.97507738808102,207.2871555913839,-3.1650773880810252,-0.3101944187331842,-0.8537991356847322,-3.968946948713073,-3.995859327854598,
2017-03-10,207.549,51.8458,207.09136893812058,51.34552957922984,209.30409343786306,207.3230331065326,-1.7550934378630672,-0.2316641684120242,-0.39053809480179075,-3.959978941550578,-3.995817230020137,
2017-03-13,207.663,51.8791,207.20569515049647,51.452243663383875,209.07341570963513,207.38605622022453,-1.4104157096351146,-0.18036106972806198,-0.0726409768805629,-3.9529915446190147,-3.9957720671907824,
2017-03-14,206.849,51.8067,207.13435612039717,51.5231349307071,208.4308284479861,207.3118484720011,-1.5818284479861187,-0.1774923516039233,-0.07630574003676709,-3.9461135984601654,-3.9957050866398514,
2017-03-15,208.667,51.2967,207.44088489631773,51.47784794456568,206.6224770355429,207.33802811613032,2.044522964457108,0.10285678018740141,1.3034120455104126,-3.9500921873723414,-3.9957831275600957,
2017-03-16,208.275,51.559,207.60770791705417,51.49407835565255,207.79566320191896,207.53904417938594,0.47933679808106433,0.06866373766824552,1.0636986428898438,-3.9527498896920514,-3.9958316392864646,
2017-03-17,207.892,50.9003,207.66456633364334,51.37532268452204,205.58392018277846,207.46522171103499,2.3080798172215284,0.19934462260833952,1.739466606774204,-3.9604456577678517,-3.996048068697473,
2017-03-20,207.654,50.2443,207.66245306691468,51.149118147617635,203.6979866090673,207.294283652523,3.9560133909327093,0.3681694143916858,2.317046249237996,-3.974607552826703,-3.99661234257657,1.0
2017-03-21,204.971,48.9394,207.12416245353174,50.70717451809411,199.5217561129592,206.58441201783097,5.449243887040806,0.5397504357007654,2.5385377788376395,-3.995224409324695,-3.99787065525422,
2017-03-22,205.472,48.7084,206.79372996282538,50.307419614475286,199.74824826786914,206.17437235564682,5.72375173213085,0.6193576071785434,2.3288612687680605,-4.018790032094985,-3.999415868573791,
2017-03-23,205.232,48.9464,206.4813839702603,50.03521569158023,201.6032098800922,205.9988950578105,3.62879011990778,0.4824889124497993,1.5629229507796423,-4.037125118337239,-4.000468987910391,
2017-03-24,205.089,48.963,206.20290717620824,49.820772553264185,202.35813654850014,205.8331106556092,2.730863451499851,0.36979652059903234,1.059314233156575,-4.051160291717579,-4.001175185132303,
2017-03-27,204.87,49.1832,205.9363257409666,49.69325804261135,203.65118960233033,205.72167150126867,1.2188103976696656,0.21465423969791608,0.46806020484033595,-4.059306443513904,-4.001508929697286,
2017-03-28,206.389,50.1005,206.0268605927733,49.774706434089076,207.3580293710927,206.03564240502737,-0.9690293710926765,-0.008781812254073706,-0.3265911401330783,-4.058972013053445,-4.0015020311085605,0.0
2017-03-29,206.563,50.076,206.13408847421863,49.83496514727126,207.16237621210496,206.18448543652676,-0.5993762121049571,-0.0503969623081133,-0.4925843423850742,-4.057051353808659,-4.001472618782529,
2017-03-30,207.213,51.0177,206.3498707793749,50.07151211781701,210.45106547072928,206.6221964092366,-3.2380654707292935,-0.27232562986172315,-1.2166442376860385,-4.046626609356803,-4.001483102546712,
2017-03-31,206.734,50.4402,206.4266966234999,50.14524969425361,207.78758998457678,206.59594547602333,-1.0535899845767878,-0.16924885252343724,-0.8285577571830174,-4.040153494799451,-4.0014396761935265,
2017-04-03,206.399,50.3198,206.42115729879993,50.18015975540288,207.09294522878335,206.5293548578111,-0.693945228783357,-0.10819755901116768,-0.5852129855716431,-4.036016784404172,-4.001387840922299,
2017-04-04,206.524,50.3198,206.44172583903995,50.208087804322304,206.9609091597434,206.51032990104065,-0.43690915974341227,-0.06860406200070646,-0.4407393346921536,-4.033393632354438,-4.0013482583945335,
2017-04-05,205.912,50.2443,206.33578067123196,50.21533024345784,206.52232339226805,206.4055542321986,-0.6103233922680351,-0.06977356096663012,-0.4773514801128957,-4.03072631623677,-4.001301141372912,
2017-04-06,206.495,50.4969,206.36762453698557,50.271644194766274,207.36537526526016,206.45821166554748,-0.8703752652601624,-0.09058712856191864,-0.613554199943512,-4.0272595805973666,-4.00125094979303,
2017-04-07,206.294,50.1103,206.35289962958845,50.23937535581302,205.8246014806699,206.34446306439008,0.46939851933011134,0.008436565198378432,-0.3049792234769158,-4.027582031021333,-4.001257631581597,
2017-04-10,206.409,49.983,206.36411970367075,50.18810028465041,205.4599318032384,206.28659720072056,0.9490681967615879,0.07752250295017493,-0.09471452948452375,-4.030542419242389,-4.001330062246082,
2017-04-11,206.169,49.7725,206.3250957629366,50.104980227720326,204.85512866121928,206.19683081414104,1.3138713387807144,0.12826494879557515,0.04522220789163857,-4.0354344140137455,-4.001469289720134,
2017-04-12,205.232,49.336,206.1064766103493,49.95118418217626,203.43692814446817,205.9237407392693,1.7950718555318348,0.18273587107998868,0.24871190448704114,-4.04238708804869,-4.001718768498018,
2017-04-13,203.93,48.9394,205.67118128827943,49.74882734574101,202.19744989909404,205.47547921007214,1.7325501009059705,0.1957020782072929,0.27514839818970843,-4.049812905662485,-4.00203618371543,
2017-04-17,205.75,49.7393,205.68694503062355,49.74692187659281,205.58029187873814,205.61118101412916,0.16970812126185741,0.07576401649438402,-0.1834788752521256,-4.052694243327409,-4.002117101603153,
2017-04-18,205.098,49.2595,205.56915602449885,49.64943750127425,203.8647176987959,205.44682605286064,1.2332823012040874,0.12232997163819714,0.055554873060015324,-4.0573382885582445,-4.00226227356107,
2017-04-19,204.723,48.6762,205.39992481959908,49.4547900010194,201.97474222955097,205.14136332533724,2.7482577704490403,0.25856149426183705,0.737494148952647,-4.0671227367937695,-4.002662468830099,
2017-04-20,206.409,49.2498,205.60173985567926,49.41379200081552,204.71516070105596,205.38349239283616,1.693839298944014,0.21824746284308194,0.7649017312876918,-4.0753920219074455,-4.002918700518662,
2017-04-21,205.758,48.6673,205.6329918845434,49.264493600652415,202.89279094448847,205.3333518139428,2.865209055511543,0.2996400706005895,1.3742677713852818,-4.08671637939204,-4.003338893702277,
2017-04-24,208.025,50.1191,206.11139350763472,49.43541488052193,208.87851180139802,206.08376690197275,-0.8535118013980219,0.027626605661956738,-0.1355784732028307,-4.087766165744281,-4.0033505638438465,
2017-04-25,209.203,50.7671,206.72971480610778,49.70175190441755,211.23125562933723,206.88257675902534,-2.0282556293372327,-0.15286195291757032,-1.176532884829482,-4.0819323640264,-4.003387111572588,
2017-04-26,209.06,50.6761,207.19577184488622,49.89662152353404,210.5385293692454,207.36169318240516,-1.478529369245381,-0.16592133751892568,-1.1655711303222782,-4.0755919281357516,-4.003425259845232,
2017-04-27,209.252,50.2101,207.60701747590898,49.95931721882723,208.6325798093143,207.6105251096734,0.6194201906857097,-0.003507633764420426,-0.17541364448218272,-4.075458031294438,-4.0034245122174275,
2017-04-28,208.782,49.981,207.8420139807272,49.963653775061786,207.83918143095303,207.7684389452878,0.9428185690469872,0.0735750354393856,0.21794599234688247,-4.078264055563173,-4.003465669850091,
2017-05-01,209.328,50.2708,208.13921118458174,50.02508302004943,209.1003826569177,208.09789632127365,0.2276173430823043,0.04131486330809153,-0.08223676406265745,-4.079841514598219,-4.0034858448535395,
2017-05-02,209.414,50.4813,208.39416894766538,50.11632641603954,209.90889452407,208.42022370099394,-0.4948945240700242,-0.026054753328570435,-0.625122727025906,-4.078845397307895,-4.003476368950975,
2017-05-03,209.137,50.9276,208.5427351581323,50.27858113283163,211.36964322130342,208.7269786425655,-2.232643221303432,-0.1842434844332228,-1.675562971379175,-4.071783907096154,-4.003461114273376,
2017-05-04,209.405,50.9012,208.71518812650584,50.403104906265305,210.91679792346963,208.89204157603652,-1.5117979234696337,-0.17685344953068682,-1.5122244405224776,-4.064999581207614,-4.003441240504633,
2017-05-05,210.237,50.9276,209.01955050120466,50.50800392501225,210.8252671278893,209.12124741400788,-0.5882671278893117,-0.1016969128032219,-0.9934804882443738,-4.0610954569371325,-4.003422135177802,
2017-05-08,210.2,51.1479,209.25564040096373,50.6359831400098,211.46277204258692,209.3864023757872,-1.262772042586926,-0.1307619748234803,-1.105731513824787,-4.056068141298298,-4.003404358275697,
2017-05-09,210.005,50.9198,209.40551232077098,50.69274651200784,210.39742905173426,209.47710947069422,-0.3924290517342648,-0.07159714992323174,-0.6622062509936887,-4.05331619953714,-4.003378834542982,
2017-05-10,210.38,51.0373,209.60040985661678,50.76165720960627,210.76995312727146,209.65324591153666,-0.3899531272714558,-0.05283605491986698,-0.4840944169135589,-4.051283961171939,-4.003358215750824,
2017-05-11,209.95,51.3172,209.67032788529343,50.87276576768502,211.61465036656313,209.81662588134853,-1.6646503665631425,-0.14629799605510208,-0.9895211127767648,-4.04564804976651,-4.0033202670851775,
2017-05-12,209.587,51.6295,209.65366230823474,51.02411261414802,212.35780706323354,209.9147233493628,-2.770807063233555,-0.26106104112805184,-1.5494077996770692,-4.035570893887252,-4.003299597281661,
2017-05-15,210.727,51.9281,209.86832984658778,51.20491009131841,213.03987224569408,210.12867147710983,-2.312872245694088,-0.2603416305220563,-1.3740944271018527,-4.02549971126052,-4.003320689386705,
2017-05-16,210.523,52.8306,209.99926387727024,51.53004807305473,215.68943726062753,210.47828310898734,-5.1664372606275295,-0.4790192317171007,-2.2106485975707413,-4.006878959366219,-4.003617709934585,
2017-05-17,206.802,50.7113,209.35981110181618,51.36629845844379,206.89418307369644,209.51476454447956,-0.09218307369644574,-0.15495344266338318,-0.404358541206857,-4.000897157848847,-4.003487032876193,
2017-05-18,207.654,50.7935,209.01864888145295,51.25173876675503,207.19819517088655,209.03133719227765,0.4558048291134451,-0.012688310824701787,0.5339510496428197,-4.000407984624031,-4.003472203885822,
2017-05-19,208.973,51.6559,209.00951910516235,51.33257101340403,210.41713907916824,209.12513671545648,-1.4441390791682247,-0.11561761029412398,0.01629270265446383,-3.9959373185622207,-4.003400545250003,
2017-05-22,210.075,51.6217,209.2226152841299,51.390396810723225,210.191184213931,209.26731116738125,-0.11618421393099876,-0.04469588325135643,0.6187002965287863,-3.9942079892562177,-4.003377654943299,
2017-05-23,210.515,52.1718,209.48109222730392,51.54667744857858,212.11146318864877,209.6179117015081,-1.5964631886487775,-0.1368194742041675,-0.13193817866975943,-3.9889002267967437,-4.003358336254416,
2017-05-24,211.005,52.6437,209.78587378184312,51.76608195886286,213.51323368990452,210.02051555514416,-2.5082336899045226,-0.2346417733010293,-0.8791210437512891,-3.9797702087286195,-4.003404752657667,
2017-05-25,212.046,52.3735,210.2378990254745,51.88756556709029,212.25826856666518,210.32602783213358,-0.21226856666518046,-0.0881288066590784,0.32540634149586933,-3.976340435399066,-4.003402773292173,
2017-05-26,211.999,52.4753,210.5901192203796,52.00511245367223,212.52570458575536,210.65730949543752,-0.5267045857553576,-0.0671902750579143,0.59330289337969,-3.973723049260437,-4.0033954588991385,
2017-05-30,211.806,52.1121,210.83329537630368,52.02650996293779,211.1434409326957,210.80322967704373,0.6625590673042963,0.03006569925994551,1.4578202053108986,-3.974893192354791,-4.0034094033836185,
2017-05-31,211.769,51.1812,211.02043630104293,51.85744797035023,208.0294165208876,210.72517058309046,3.739583479112407,0.2952657179524705,2.8096390647698084,-3.9863395978944465,-4.003772293132362,
2017-06-01,213.433,51.6383,211.50294904083435,51.81361837628018,210.4855783375744,211.18660831467542,2.947421662425608,0.3163407261589377,2.336587684613956,-3.998610938426056,-4.004107115848161,
2017-06-02,214.152,51.6657,212.03275923266747,51.78403470102415,211.2376744990392,211.71231988429,2.914325500960776,0.3204393483774668,1.9759654721804591,-4.011041403264664,-4.004412670388045,
2017-06-05,213.999,51.7832,212.426007386134,51.78386776081932,212.18602405209816,212.1887086176287,1.8129759479018412,0.23729876850530562,1.3893956150304012,-4.020250144763411,-4.00460675578548,
2017-06-06,213.301,51.5796,212.60100590890718,51.74301420865545,211.7511102674039,212.40929105706937,1.549889732596073,0.19171485183780312,1.0632138705526641,-4.0276839760806045,-4.004781854756784,
2017-06-07,213.693,52.3148,212.81940472712574,51.85737136692436,214.67821794565882,212.83613759712134,-0.9852179456588166,-0.016732869995606414,0.08038153896920991,-4.027033323541217,-4.00477503126477,
2017-06-08,213.807,53.4414,213.0169237817006,52.17417709353949,218.46245996879816,213.37716132557287,-4.655459968798176,-0.36023754387228024,-1.3704953538769475,-4.012947222860014,-4.004942253047041,
2017-06-09,213.482,54.4879,213.1099390253605,52.63692167483159,221.1792937160147,213.80181341535757,-7.697293716014714,-0.6918743899970838,-2.294385887045396,-3.9857194437897667,-4.005811234742284,
2017-06-12,213.433,54.3803,213.17455122028838,52.98559733986527,219.3504989523583,213.8275283795858,-5.91749895235831,-0.6529771592974303,-1.8854567083469296,-3.959962743771486,-4.006536957241773,
2017-06-13,214.486,54.6906,213.4368409762307,53.32659787189222,219.3680522542828,213.99687735852433,-4.8820522542828,-0.5600363822936201,-1.4421045967141892,-3.937805363404842,-4.007114246453912,
2017-06-14,214.209,54.716,213.59127278098458,53.60447829751377,218.42716617266535,214.07136304708337,-4.218166172665363,-0.4800902660987987,-1.1847989499693554,-3.918774699440438,-4.007489718082368,
2017-06-15,213.797,54.1904,213.63241822478767,53.72166263801102,215.75111437238172,213.91956989428803,-1.9541143723817243,-0.28715166950036064,-0.5396451792908272,-3.9074002343699865,-4.007532711778424,
2017-06-16,213.846,54.0151,213.67513457983014,53.78035011040881,214.7423527474309,213.82649801963262,-0.8963527474309112,-0.15136343980248146,-0.08486834621980448,-3.9014064261892965,-4.007494496173451,
2017-06-19,215.607,54.5153,214.06150766386412,53.92734008832705,216.46064352013875,214.16928788667096,-0.8536435201387578,-0.1077802228068494,0.053234521646228945,-3.8971290184530916,-4.007485940462925,
2017-06-20,214.171,54.0289,214.0834061310913,53.94765207066164,214.45244440347844,214.13598008411563,-0.2814444034784529,-0.05257395302434276,0.23108268067391002,-3.895044734554221,-4.007461944721889,
2017-06-21,214.132,53.9632,214.09312490487304,53.95076165652931,214.1590761889014,214.11063691737448,-0.027076188901388853,-0.017512012501440744,0.3232186044312368,-3.894350693969527,-4.007450820085011,
2017-06-22,214.028,53.7851,214.08009992389842,53.917629325223444,213.532413398551,214.04869390206613,0.49558660144899847,0.031406021832289355,0.4361485176487304,-3.895594447830264,-4.007476462555466,
2017-06-23,214.277,53.6089,214.11947993911872,53.85588346017875,213.05695263849262,214.02007143183826,1.2200473615073584,0.09940850728044737,0.6163034090620598,-3.899527493252341,-4.007573205477211,
2017-06-26,214.419,53.9211,214.17938395129497,53.868926768143005,214.3483010583431,214.1447786120313,0.0706989416569046,0.03460533926366782,0.39444864006936514,-3.9008978180540135,-4.007599721270817,
2017-06-27,212.659,54.301,213.87530716103598,53.95534141451441,215.41417237377857,214.0684416020556,-2.7551723737785823,-0.19313444101962762,-0.2857121779887394,-3.8932369344520414,-4.007513596098254,
2017-06-28,214.602,55.1066,214.02064572882878,54.185593131611526,217.89442335971148,214.3196923823636,-3.2924233597114805,-0.29904665353481885,-0.5450184566383466,-3.8813293364497383,-4.007560147710339,
2017-06-29,212.678,56.6298,213.752116583063,54.67443450528922,222.053100265563,214.52425768359902,-9.375100265562992,-0.7721411005360039,-1.8353734780465485,-3.8503505366793647,-4.0085194435178835,
2017-06-30,213.09,56.5436,213.6196932664504,55.04826760423138,220.0628070558073,214.34913317184908,-6.972807055807285,-0.7294399053986549,-1.5439220593884408,-3.821005884796142,-4.009378708248155,
