date,WALGREENS BOOTS ALLIANCE INC_original,SPDR GOLD SHARES_original,WALGREENS BOOTS ALLIANCE INC_smoothed,SPDR GOLD SHARES_smoothed,Estimated_WALGREENS BOOTS ALLIANCE INC_original,Estimated_WALGREENS BOOTS ALLIANCE INC_smoothed,spread_original,spread_smoothed,z_score,hedge_ratio,intercept,side
2017-04-03,68.1998,119.35,68.64412311254222,118.7088177080198,69.03624876803633,68.66877470305907,-0.8364487680363271,-0.024651590516846733,-0.34942170242839954,-0.5731194850100524,-0.6344382320865736,
2017-04-04,67.832,119.62,68.48169849003378,118.89105416641584,68.93039734380677,68.51421224183919,-1.0983973438067736,-0.03251375180540361,-1.6631529033757564,-0.5709410532209898,-0.6344285575119742,
2017-04-05,66.74,119.62,68.13335879202702,119.03684333313268,68.51594896110298,68.18502126148718,-1.7759489611029895,-0.05166246946016062,-1.7784313518176627,-0.5674764920265973,-0.6344109848814046,
2017-04-06,67.1426,119.18,67.93520703362162,119.06547466650615,68.02958183685998,67.96481882197234,-0.8869818368599734,-0.029611788350720425,-0.1199463250161254,-0.565490733900326,-0.634396170619112,
2017-04-07,67.6919,119.46,67.8865456268973,119.14437973320491,68.07839874779053,67.90020775472523,-0.38649874779053084,-0.013662127827932746,1.0769505746300434,-0.5645739891000195,-0.63439000990221,
2017-04-10,67.8397,119.46,67.87717650151784,119.20750378656393,68.02613578320344,67.88369344776251,-0.18643578320344567,-0.00651694624466892,1.2615750328088218,-0.5641365211086811,-0.6343869715603986,
2017-04-11,67.9796,121.19,67.89766120121428,119.60400302925115,68.81306589331518,67.92082083183892,-0.8334658933151726,-0.023159630624641325,0.1912341518964333,-0.5625767753232015,-0.6343864918963871,
2017-04-12,67.8899,122.02,67.89610896097142,120.08720242340091,69.01174090730112,67.92864325294829,-1.1218409073011233,-0.032534291976876184,-0.40053701697189154,-0.5603782141835199,-0.6343912126280348,
2017-04-13,67.8156,122.6,67.88000716877714,120.58976193872073,69.03758493926253,67.91599693038394,-1.2219849392625248,-0.03598976160679812,-1.0800034827296323,-0.5579379032177049,-0.6343980047719084,
2017-04-17,68.3504,122.24,67.97408573502172,120.91980955097658,68.72312338194006,67.98776600612813,-0.37272338194006815,-0.01368027110641501,0.6213392644991671,-0.5570085561184658,-0.6343974820188039,
2017-04-18,68.0955,122.82,67.99836858801737,121.29984764078127,68.86456947809425,68.0200795188462,-0.7690694780942458,-0.021710930828825026,0.04992001675584833,-0.5555298152364575,-0.6343975707525338,
2017-04-19,68.6602,121.73,68.1307348704139,121.38587811262501,68.31528134944573,68.12395240369052,0.3449186505542703,0.006782466723372682,1.7444079682438707,-0.5559917946942905,-0.6344001813097502,
2017-04-20,69.1807,121.96,68.34072789633112,121.50070249010001,68.58013453681498,68.3242530702531,0.6005654631850176,0.0164748260780071,1.4117851185170982,-0.5571148570293499,-0.6344065735154659,
2017-04-21,69.089,122.31,68.4903823170649,121.66256199208001,68.84327622631615,68.48221815278066,0.24572377368385268,0.008164164284241826,0.7282604039696197,-0.5576720382781511,-0.6344092245154764,
2017-04-24,69.2975,121.48,68.65180585365192,121.626049593664,68.54972177933085,68.63137309689519,0.7477782206691469,0.02043275675673295,1.0515286641018398,-0.5590656948500025,-0.6344211689525568,
2017-04-25,70.6443,120.25,69.05030468292154,121.35083967493121,68.36836719220221,68.98844329562652,2.275932807797788,0.06186138729501178,1.712934380951057,-0.5632755773115234,-0.6344790204915245,
2017-04-26,70.6443,120.84,69.36910374633723,121.24867173994497,69.09021255402155,69.32172454839169,1.554087445978447,0.04737919794553924,0.9094545417702476,-0.56649866320906,-0.634514091838745,
2017-04-27,70.6202,120.39,69.61932299706979,121.07693739195598,69.18537974688019,69.57652626170373,1.4348202531198093,0.042796735366052885,0.4759166379595596,-0.5694063526077695,-0.6345489564308201,
2017-04-28,71.1511,120.77,69.92567839765583,121.01554991356478,69.74350997238122,69.88402245496567,1.4075900276187823,0.041655942690157044,0.2371727364876463,-0.572235927696154,-0.6345769845167113,
2017-05-01,71.0884,119.67,70.15822271812466,120.74643993085182,69.49222610815096,70.11160503123868,1.5961738918490331,0.04661768688597967,0.2358390279233892,-0.575395714461823,-0.6346209585045991,
2017-05-02,70.5526,119.65,70.23709817449974,120.52715194468146,69.70327954299769,70.20962042352873,0.8493204570023126,0.027477750971007908,-1.5469042362957615,-0.5772556095910177,-0.6346458554324043,
2017-05-03,70.538,117.98,70.29727853959979,120.01772155574517,69.07324488853178,70.25529859878479,1.4647551114682262,0.04197994081500167,0.09196832323827607,-0.580085982267952,-0.6347007005587908,
2017-05-04,70.7514,116.79,70.38810283167983,119.37217724459613,68.82418153373543,70.33182003866303,1.9272184662645757,0.056282793016804056,1.4484581553459481,-0.5838632913688336,-0.6347877347693484,
2017-05-05,70.6202,117.01,70.43452226534386,118.8997417956769,69.28357120667243,70.39226592099551,1.3366287933275673,0.04225634434835002,-0.0489160603119697,-0.5866911113779735,-0.6348442643357498,
2017-05-08,70.5777,116.75,70.46315781227509,118.46979343654152,69.41372762433693,70.42687874692828,1.1639723756630642,0.036279065346803696,-0.5717750820997113,-0.5891120997814622,-0.6348899748512198,
2017-05-09,70.6848,116.05,70.50748624982006,117.98583474923322,69.32040970340682,70.46615472004258,1.3643902965931785,0.041331529777487,0.042252402072020294,-0.5918609618355,-0.634945082397046,
2017-05-10,70.3962,116.04,70.48522899985605,117.59666779938658,69.53264023572314,70.45689713064847,0.8635597642768641,0.02833186920758346,-1.3923482542913486,-0.5937406139508701,-0.6349793928641606,
2017-05-11,70.2995,116.5,70.44808319988483,117.37733423950927,69.91254056677862,70.43425356981018,0.3869594332213738,0.013829630074649102,-1.5726884704348987,-0.5946570640208649,-0.634992608347862,
2017-05-12,70.093,116.83,70.37706655990787,117.26786739160741,70.11575749201972,70.37616458765392,-0.022757492019716552,0.0009019722539610475,-1.579995890527204,-0.5947168038210008,-0.6349933016121933,
2017-05-15,69.8546,117.14,70.2725732479263,117.24229391328593,70.22188826563819,70.28265586376386,-0.3672882656381754,-0.010082615837556319,-1.3972066675999988,-0.5940490120445259,-0.6349869947424148,
2017-05-16,69.7927,117.65,70.17659859834104,117.32383513062875,70.38757845389748,70.1942010847622,-0.594878453897479,-0.017602486421153918,-1.1913228431303688,-0.5928822730297164,-0.6349790319513315,
2017-05-17,67.4959,119.79,69.64045887867283,117.81706810450301,70.89331329677987,69.7361643191027,-3.3974132967798587,-0.09570544042986662,-1.889450198419296,-0.5865123780087061,-0.6349955351169562,
2017-05-18,67.2653,118.81,69.16542710293827,118.0156544836024,69.70476986714266,69.24297980538782,-2.4394698671426585,-0.07755270244954782,-1.0402444157908248,-0.5813465956843205,-0.6349808338885442,
2017-05-19,66.572,119.4,68.64674168235061,118.29252358688193,69.3693996139678,68.73186394875235,-2.7973996139677917,-0.08512226640173381,-0.8726977398662412,-0.5756652310277902,-0.634971029249635,
2017-05-22,67.1745,119.9,68.35229334588048,118.61401886950554,69.15034893889367,68.4154908365997,-1.9758489388936726,-0.06319749071921466,-0.13837375448826048,-0.5714377022090577,-0.634968444027645,
2017-05-23,67.0914,119.14,68.10011467670438,118.71921509560444,68.38136570060065,68.14209536752207,-1.289965700600661,-0.04198069081769562,0.7371267542088852,-0.5686286047316219,-0.6349537328752182,
2017-05-24,66.5469,119.61,67.7894717413635,118.89737207648355,68.24289883061697,67.84009539000193,-1.695998830616966,-0.050623648638429275,0.8881358310939897,-0.5652366786687234,-0.634939695050954,
2017-05-25,66.687,119.48,67.5689773930908,119.01389766118685,67.86878885157938,67.60650344290417,-1.1817888515793873,-0.037526049813368934,1.1293213991218618,-0.5627206448761076,-0.6349262017820398,
2017-05-26,67.1011,120.54,67.47540191447264,119.31911812894948,68.19324049282095,67.50898029015933,-1.0921404928209508,-0.03357837568669286,0.9518893615296578,-0.5604638899853859,-0.6349231939825356,
2017-05-30,66.2003,120.14,67.22038153157811,119.48329450315958,67.62869648030818,67.26249715804644,-1.4283964803081786,-0.04211562646832889,0.25569500106818505,-0.5576309685599077,-0.6349119175208655,
2017-05-31,66.9099,120.62,67.15828522526249,119.71063560252767,67.68929277685022,67.18376408232025,-0.7793927768502296,-0.02547885705776265,1.5260070342304344,-0.5559143242633425,-0.6349069842058408,
2017-06-01,67.8705,120.72,67.30072818020999,119.91250848202213,67.74913122326338,67.30020671435928,0.12136877673663249,0.0005214658507115555,1.7991074265503941,-0.5559495040001247,-0.634907100368322,
2017-06-02,68.6284,121.61,67.56626254416798,120.25200678561771,68.3135506018047,67.55779746976732,0.31484939819528834,0.008465074400656802,1.4256852590876006,-0.5565220238461576,-0.6349072818734852,
2017-06-05,68.8591,121.73,67.82483003533439,120.54760542849417,68.4725722700857,67.81364771595071,0.38652772991428574,0.011182319383672423,1.071398328438925,-0.5572797524736902,-0.6349080014634072,
2017-06-06,67.2653,123.1,67.71292402826751,121.05808434279533,68.88676480781064,67.75464040689587,-1.6214648078106393,-0.0417163786283653,-1.0900546973536294,-0.5544422938921038,-0.634918429692661,
2017-06-07,67.2748,122.45,67.625299222614,121.33646747423626,68.27098584794119,67.6559187751795,-0.996185847941188,-0.030619552565493535,-0.7875996206817454,-0.5523566294930107,-0.6349165665220333,
2017-06-08,67.2827,121.65,67.5567793780912,121.399173979389,67.70950966325798,67.5712108159951,-0.42680966325797465,-0.014431437903899336,-0.15388149134854734,-0.5513736052024204,-0.6349105903835314,
2017-06-09,66.8858,120.54,67.42258350247296,121.2273391835112,67.04970319072,67.42841144130377,-0.16390319071999349,-0.005827938830806456,0.2997467178368535,-0.5509772462689797,-0.634905925457177,
2017-06-12,67.5645,120.36,67.45096680197837,121.05387134680896,67.05524897748214,67.4381599559887,0.5092510225178576,0.012806845989671412,1.1008187344154228,-0.551847226820251,-0.6349167573967246,
2017-06-13,67.5548,120.48,67.4717334415827,120.93909707744717,67.20753264773633,67.46121201113651,0.34726735226367333,0.010521430446191804,1.0081958759730454,-0.5525614861474962,-0.634924796685977,
2017-06-14,68.4479,119.82,67.66696675326617,120.71527766195774,67.13421634967455,67.63108916485677,1.3136836503254656,0.03587758840938449,1.4759854076531618,-0.5549929773693842,-0.6349578012749291,
2017-06-15,68.1825,119.32,67.77007340261294,120.43622212956619,67.11602694405501,67.73794786194964,1.0664730559449918,0.03212554066329676,1.0154514215816255,-0.5571659093843075,-0.634990636319434,
2017-06-16,64.7802,119.34,67.17209872209035,120.21697770365296,66.73500221908277,67.22074276442872,-1.954802219082775,-0.048644042338362614,-1.7742242103234014,-0.5538801537629175,-0.6349446690161883,
2017-06-19,65.9127,118.43,66.92021897767228,119.85958216292237,66.14079146560248,66.93152023965374,-0.2280914656024695,-0.011301261981452981,-0.5268291900109472,-0.5531188025141879,-0.6349316838471939,
2017-06-20,64.6634,118.18,66.46885518213782,119.5236657303379,65.75905791181955,66.49949710334516,-1.0956579118195573,-0.030641921207347433,-0.8378664057081435,-0.5510590728092858,-0.6348966872181587,
2017-06-21,64.5137,118.52,66.07782414571025,119.32293258427032,65.67173378261258,66.11233639507861,-1.1580337826125757,-0.03451224936836039,-0.6986700569841726,-0.5487417263884496,-0.6348643710535228,
2017-06-22,63.0703,118.92,65.47631931656821,119.24234606741625,65.36657638502393,65.54203911839424,-2.2962763850239334,-0.06571980182603832,-1.1552404413372805,-0.5443303055524393,-0.6348164487278505,
2017-06-23,63.0462,119.43,64.99029545325456,119.279876853933,65.13486919593338,65.05379278442196,-2.088669195933379,-0.06349733116739908,-1.007469751420619,-0.5400660300259199,-0.6347832299377546,
2017-06-26,64.0281,118.36,64.79785636260365,119.0959014831464,64.41870571132641,64.81528136182365,-0.39060571132641453,-0.01742499921999663,0.8636311665141801,-0.5388977459342074,-0.6347685025536256,
2017-06-27,63.8089,118.81,64.60006509008292,119.03872118651712,64.49765604143977,64.62059854312051,-0.6887560414397734,-0.020533453037585914,0.8651048643371235,-0.5375212657509046,-0.6347544575747927,
2017-06-28,63.6661,118.9,64.41327207206633,119.0109769492137,64.37521156128659,64.43470460540794,-0.7091115612865937,-0.02143253334161299,0.7146852062698064,-0.53608469635256,-0.6347411649672128,
2017-06-29,64.7213,118.32,64.47487765765307,118.87278155937096,64.16531527818536,64.46212498303134,0.5559847218146458,0.012752674621729798,1.395251281458074,-0.5369385063852927,-0.6347512026775207,
2017-06-30,64.6634,118.02,64.51258212612245,118.70222524749677,64.12965390538682,64.4966918346512,0.533746094613172,0.015890291471244877,1.096607545026435,-0.5380010936433753,-0.634764833595667,
2017-07-03,64.5224,116.09,64.51454570089797,118.17978019799742,63.35185515358735,64.48084846103906,1.1705448464126518,0.03369723985890816,1.4200866858351568,-0.5402450020981129,-0.6348128600174279,
2017-07-05,64.9433,116.52,64.60029656071838,117.84782415839793,63.846138251765645,64.56647357134182,1.0971617482343508,0.03382298937655481,0.9978428084726396,-0.5424930063369912,-0.6348531533794367,
2017-07-06,64.1854,116.47,64.5173172485747,117.57225932671834,63.907116012158994,64.5059176633517,0.27828398784100594,0.011399585223009101,-0.1460475270493419,-0.5432493394956848,-0.6348654410965877,
2017-07-07,63.9788,115.28,64.40961379885977,117.11380746137468,63.39381344076549,64.39214605224144,0.5849865592345111,0.017467746618325508,-0.3291747896756909,-0.5444042695341486,-0.634889248868842,
2017-07-10,63.7221,115.47,64.27211103908782,116.78504596909974,63.54883753630667,64.26534159362372,0.1732624636933241,0.0067694454640988555,-1.145716988086625,-0.5448509589421839,-0.6348973072526957,
2017-07-11,63.8282,115.62,64.18332883127026,116.55203677527979,63.670012704059474,64.17815178702662,0.15818729594052772,0.005177044243636741,-0.9988814201163224,-0.5451920958962273,-0.6349025765376706,
2017-07-12,64.0194,116.03,64.15054306501621,116.44762942022383,63.919381011367776,64.14716226555865,0.10001898863223013,0.003380799457560868,-0.8447841911131035,-0.5454147700341315,-0.6349052443074955,
2017-07-13,64.424,115.82,64.20523445201297,116.32210353617907,63.916277517727615,64.1906152394783,0.5077224822723952,0.014619212534664805,0.861426716220338,-0.546376796782512,-0.6349169143770691,
2017-07-14,65.1682,116.77,64.39782756161038,116.41168282894326,64.57577777163922,64.37957065107214,0.5924222283607703,0.018256910538243964,1.10877359011671,-0.547579453109766,-0.6349250320118616,
2017-07-17,65.3903,117.29,64.5963220492883,116.5873462631546,64.96785164174707,64.58244991318914,0.42244835825292615,0.01387213609917115,0.5855904987895797,-0.5484945263199202,-0.6349286496836255,
2017-07-18,64.9704,118.11,64.67113763943064,116.89187701052369,65.34752411400498,64.68011322143292,-0.37712411400499024,-0.008975582002283766,-1.6688790985377167,-0.5479010726650799,-0.6349284215323984,
2017-07-19,65.7051,118.08,64.87793011154452,117.12950160841895,65.39147238481945,64.87020722493202,0.31362761518054516,0.007722886612493096,-0.04261864795791834,-0.5484124586685211,-0.6349292652404922,
2017-07-20,65.904,118.24,65.08314408923562,117.35160128673516,65.56058722623432,65.07276694833037,0.34341277376567303,0.010377140905243443,0.11019300091319077,-0.5491006128444619,-0.6349307635051581,
2017-07-21,65.1605,119.26,65.0986152713885,117.73328102938812,65.95563276544553,65.11942321315591,-0.7951327654455265,-0.020807941767412297,-1.6058692964091787,-0.5477167497004845,-0.6349331961657436,
2017-07-24,65.7389,119.31,65.2266722171108,118.0486248235105,65.92431165949284,65.23405601499212,-0.1854116594928399,-0.007383797881314491,-0.47964466056819616,-0.5472246936250587,-0.6349334630870913,
2017-07-25,66.1183,118.92,65.40499777368865,118.22289985880839,65.77835846739293,65.39649259504448,0.3399415326070693,0.008505178644169331,0.8171344503027311,-0.5477919882439075,-0.6349352254274566,
2017-07-26,64.9781,119.88,65.31961821895092,118.55431988704672,66.07219591705065,65.3485650017981,-1.0940959170506481,-0.028946782847167896,-1.4208719343677008,-0.545856355678813,-0.6349359982745533,
2017-07-27,65.0611,119.79,65.26791457516073,118.80145590963737,65.82999172576716,65.29198196592748,-0.7688917257671637,-0.024067390766747465,-0.8068665023267434,-0.5442445765290347,-0.6349339033540975,
2017-07-28,65.7543,120.69,65.36519166012859,119.17916472770989,66.200664636692,65.37989227743421,-0.44636463669199333,-0.014700617305618557,-0.009858754504543888,-0.5432573453316788,-0.6349356286116832,
2017-07-31,66.6222,120.75,65.61659332810287,119.49333178216791,66.29260170981102,65.609289887569,0.32959829018898046,0.007303440533857897,1.096761978459306,-0.5437487894941874,-0.6349353783878964,
2017-08-01,67.0017,120.65,65.89361466248229,119.72466542573433,66.38037026350013,65.87613054383513,0.6213297364998706,0.01748411864715782,1.2016497844197478,-0.5449269201522474,-0.6349373471314724,
2017-08-02,66.9167,120.4,66.09823172998584,119.85973234058747,66.37688385482772,66.08188181980964,0.5398161451722816,0.01634991017620302,1.003969526758547,-0.5460294168613723,-0.6349420647185011,
2017-08-03,66.9331,120.59,66.26520538398867,120.00578587246997,66.57327111029576,66.25382421212495,0.35982888970422944,0.011381171863715123,0.5213609470299345,-0.546797626276819,-0.6349453575741564,
2017-08-04,66.9428,119.65,66.40072430719094,119.93462869797598,66.22425416635802,66.38028087576444,0.7185458336419833,0.020443431426500625,0.8359858538724181,-0.5481763101048275,-0.6349586623154119,
2017-08-07,67.3155,119.51,66.58367944575275,119.84970295838079,66.36929920341413,66.55614669125083,0.9462007965858674,0.027532754501916612,1.5291064484638583,-0.5500319712472416,-0.6349783196562868,
2017-08-08,66.9592,119.86,66.6587835566022,119.85176236670463,66.65214160055058,66.64760443110879,0.30705839944942104,0.011179125493417152,-1.0137911450783952,-0.5507855568591762,-0.6349847554097142,
2017-08-09,67.1262,121.31,66.75226684528177,120.14340989336371,67.40046188160954,66.75840479142883,-0.27426188160955367,-0.006137946147070084,-1.720318862236338,-0.5503707656427851,-0.6349843014832921,
2017-08-10,65.8625,122.21,66.57431347622541,120.55672791469097,67.5240734981463,66.61918969008379,-1.6615734981462975,-0.04487621385837426,-1.8406925881787792,-0.5473290307767941,-0.6349926469142997,
2017-08-11,66.6627,122.79,66.59199078098032,121.00338233175277,67.59572664292227,66.62143544457564,-0.9330266429222743,-0.029444663595316167,-0.899462584301646,-0.5453271931999094,-0.6350005899053909,
2017-08-14,67.3309,121.92,66.73977262478427,121.18670586540222,67.13777045194344,66.73778611109925,0.1931295480565618,0.0019865136850123477,0.32361320241987124,-0.545462348561643,-0.6350009153079261,
2017-08-15,67.0017,120.98,66.79215809982742,121.14536469232178,66.69353681747326,66.7838306565832,0.308163182526737,0.008327443244208643,0.8059277943554276,-0.5460285254499856,-0.6350058085340076,
2017-08-16,67.4419,121.87,66.92210647986194,121.29029175385742,67.23250728128166,66.91571791892672,0.20939271871835174,0.006388560935224774,0.7839643571643277,-0.5464634399508095,-0.6350078544764948,
2017-08-17,67.1359,122.49,66.96486518388956,121.53023340308593,67.49759028063285,66.97369058021752,-0.36169028063283803,-0.008825396327959534,0.10400519120541186,-0.545861568947928,-0.6350067002011411,
2017-08-18,66.4224,122.3,66.85637214711164,121.68418672246874,67.21324857780017,66.8780092585776,-0.7908485778001727,-0.021637111465960257,-0.9256954059288456,-0.5443846884343063,-0.6350011822845084,
2017-08-21,66.8935,122.76,66.86379771768931,121.89934937797499,67.3455671794308,66.8778701110342,-0.452067179430793,-0.014072393344883971,-0.7812258886271937,-0.5434226809668132,-0.6349988639447958,
2017-08-22,67.4506,122.21,66.98115817415145,121.96147950237999,67.10889175313525,66.97371358297679,0.3417082468647389,0.007444591174658899,0.8692183494925836,-0.5439316734555699,-0.6350019401300547,
2017-08-23,67.5249,122.67,67.08990653932116,122.10318360190399,67.39419798983832,67.08572642937453,0.1307020101616907,0.004180109946637645,0.7066795363441535,-0.5442177775730833,-0.6350032149481784,
2017-08-24,66.8115,122.29,67.03422523145693,122.14054688152319,67.12315578670741,67.04189924665988,-0.3116557867074208,-0.007674015202953077,-0.08297557926295052,-0.5436925028776683,-0.6349996097973489,
2017-08-25,67.3329,122.74,67.09396018516554,122.26043750521855,67.35604823438126,67.09535968325021,-0.023148234381262345,-0.0013994980846612215,0.37159707588829016,-0.5435966197687089,-0.6349991239699286,
2017-08-28,67.357,124.69,67.14656814813243,122.74635000417484,68.22266694436874,67.16912008717114,-0.8656669443687353,-0.022551939038701008,-1.4834430927732438,-0.5420455634813627,-0.6350056338776202,
2017-08-29,67.5742,124.42,67.23209451850595,123.08108000333988,67.969191601062,67.24458875262539,-0.3949916010619873,-0.012494234119442615,-0.6344056895883949,-0.5411845743166752,-0.6350068645812555,
2017-08-30,67.8735,124.36,67.36037561480475,123.3368640026719,67.91629298139074,67.36275562284433,-0.04279298139072718,-0.0023800080395747214,0.49249966040756243,-0.5410203140070894,-0.6350067314690991,
2017-08-31,67.6408,125.82,67.41646049184381,123.83349120213752,68.51055947565378,67.43890657732838,-0.8697594756537805,-0.022446085484575384,-1.1641445276881615,-0.5394654680002027,-0.6350142918682886,
2017-09-01,67.4081,126.06,67.41478839347505,124.27879296171002,68.39973435073762,67.44223012926386,-0.9916343507376174,-0.027441735788817367,-1.138841864644592,-0.5375591949114426,-0.6350222402011715,
2017-09-05,67.607,127.46,67.45323071478003,124.91503436936802,68.84932081197496,67.48730141172507,-1.2423208119749662,-0.034070696945039725,-1.2306733655189437,-0.53518184444466,-0.6350429190586087,
2017-09-06,67.8571,126.81,67.53400457182403,125.29402749549442,68.35962633752622,67.55000090230021,-0.5025263375262163,-0.015996330476180987,0.2781988351626087,-0.5340634034058934,-0.6350461516248735,
2017-09-07,67.6891,128.13,67.56502365745922,125.86122199639553,68.8013063503499,67.59429721882185,-1.1122063503499096,-0.02927356136263104,-0.6439644916545915,-0.5320084775198166,-0.635060125735807,
2017-09-08,67.5491,127.97,67.56183892596738,126.28297759711643,68.4822433795937,67.58781728910112,-0.9331433795936989,-0.0259783631337428,-0.017911456545732417,-0.530180327756025,-0.6350668366551816,
2017-09-11,68.2896,126.19,67.70739114077391,126.26438207769314,67.65478410889354,67.69428854921613,0.6348158911064529,0.013102591557779264,1.9162782436775794,-0.5311015979622565,-0.635073462036391,
2017-09-12,68.6679,126.56,67.89949291261912,126.32350566215452,68.0078087196339,67.88191374069585,0.660091280366099,0.017579171923269188,1.3422718014333581,-0.5323382372913056,-0.6350814080462654,
2017-09-13,68.6592,125.61,68.0514343300953,126.18080452972362,67.72169362615844,68.02655256220507,0.9375063738415518,0.024881767890229667,1.1523828166831804,-0.534086399409333,-0.635100996352128,
2017-09-14,68.0646,126.16,68.05406746407624,126.17664362377889,68.04216110335568,68.05105376124251,0.022438896644322415,0.0030137028337317018,0.107058367245659,-0.5342981795887533,-0.635102766438573,
2017-09-15,68.4701,125.53,68.137273971261,126.0473148990231,67.84453108620554,68.12150417840311,0.6255689137944677,0.015769792857881826,0.4252943904429157,-0.5354052100966054,-0.635115062778666,
2017-09-18,68.5521,124.36,68.22023917700879,125.70985191921848,67.46632619242857,68.19173785354772,1.0857738075714298,0.028501323461073258,1.2592056073144577,-0.5374009184201045,-0.6351479777043761,
2017-09-19,67.4004,124.62,68.05627134160703,125.49188153537479,67.5897103481426,68.05814597854418,-0.18931034814259662,-0.0018746369371440696,-1.3816028604201371,-0.5372698140696548,-0.6351461187822152,
2017-09-20,65.4337,123.62,67.53175707328562,125.11750522829983,66.76411937993122,67.56519158163185,-1.3304193799312092,-0.033434508346226965,-1.740893805778126,-0.5349378329784724,-0.6351044671324447,
2017-09-21,64.9018,122.68,67.00576565862849,124.63000418263987,65.9977231526204,67.03666567364512,-1.0959231526204045,-0.030900015016630755,-1.1167211539701614,-0.5327898936187091,-0.6350590034771566,
2017-09-22,65.0765,123.24,66.6199125269028,124.35200334611189,66.05748961410129,66.64780117680708,-0.9809896141012857,-0.02788864990427986,-0.7400866844794913,-0.5308541244680597,-0.6350273146576157,
2017-09-25,65.5323,124.53,66.40239002152224,124.38760267688951,66.50512594772631,66.42980491753379,-0.97282594772631,-0.027414896011553114,-0.4883018499626978,-0.5289497621671192,-0.635012065054969,
2017-09-26,65.6317,123.14,66.2482520172178,124.13808214151162,65.72583391933915,66.25341222041777,-0.09413391933915283,-0.005160203199973568,1.1525331110753916,-0.5285920658590276,-0.6350069294584799,
2017-09-27,64.8439,121.98,65.96738161377424,123.7064657132093,65.06156985748082,65.97344283813462,-0.21766985748081003,-0.0060612243603757054,1.2362950563938608,-0.5281732348792119,-0.6349986669145509,
2017-09-28,64.337,122.21,65.64130529101939,123.40717257056744,65.02879715388106,65.65960081107575,-0.6917971538810515,-0.018295520056352155,0.08691109013133339,-0.5269112179004357,-0.6349772142688119,
2017-09-29,64.0889,121.58,65.33082423281552,123.04173805645395,64.57645423762563,65.34521322042593,-0.4875542376256258,-0.01438898761041918,0.2158769330228001,-0.5259211658381868,-0.6349588950188713,
